<?xml version = '1.0' encoding = 'UTF-8'?>
<Table class="oracle.dbtools.crest.model.design.relational.Table" directorySegmentName="seg_0" id="074EDC7B-9309-C7AC-E990-3039A500026B" name="T_PIP_VENDEDOR">
<createdBy>mauro</createdBy>
<createdTime>2021-08-23 12:17:06 UTC</createdTime>
<generatorID>FA6E196E-EC99-3E12-1960-5556F70DD8D5</generatorID>
<ownerDesignName>ATIVIDADE_FASE1_CAP_6_RM92268</ownerDesignName>
<allowColumnReorder>false</allowColumnReorder>
<existDependencyGenerateInDDl>true</existDependencyGenerateInDDl>
<parsed>true</parsed>
<columns itemClass="oracle.dbtools.crest.model.design.relational.Column">
<Column name="VENDEDOR_FK_cd_funcionario" id="CB8BD876-F2D7-C084-C8FF-5194BCE5B256">
<createdBy>mauro</createdBy>
<createdTime>2021-08-23 13:38:02 UTC</createdTime>
<generatorID>E93050BA-4716-71FA-BC7E-D7D19412D5AC</generatorID>
<ownerDesignName>ATIVIDADE_FASE1_CAP_6_RM92268</ownerDesignName>
<useDomainConstraints>false</useDomainConstraints>
<use>1</use>
<logicalDatatype>LOGDT019</logicalDatatype>
<dataTypePrecision>10</dataTypePrecision>
<ownDataTypeParameters>,,</ownDataTypeParameters>
<previousColumn>false</previousColumn>
<autoIncrementCycle>false</autoIncrementCycle>
<associations>
<colAssociation fkAssociation="6348C9BE-1E3E-5EB8-C1A7-76AE09D7F723" referredColumn="059F4603-666F-B8A0-B3AF-FAADD1AA36C9"/>
</associations>
</Column>
<Column name="qt_vendas" id="C0537D44-C50F-E18E-9C01-1F2B42F16D9F">
<createdBy>mauro</createdBy>
<createdTime>2021-08-23 13:38:02 UTC</createdTime>
<generatorID>E9D70C96-3782-60EA-1CEB-734A9EE56C0B</generatorID>
<ownerDesignName>ATIVIDADE_FASE1_CAP_6_RM92268</ownerDesignName>
<useDomainConstraints>false</useDomainConstraints>
<use>1</use>
<logicalDatatype>LOGDT019</logicalDatatype>
<dataTypePrecision>20</dataTypePrecision>
<ownDataTypeParameters>,20,</ownDataTypeParameters>
<autoIncrementCycle>false</autoIncrementCycle>
</Column>
<Column name="vr_comissao_vendas" id="31F5E797-58BD-D4E3-AE97-4BEF83788CB4">
<createdBy>mauro</createdBy>
<createdTime>2021-08-23 13:38:02 UTC</createdTime>
<generatorID>987553B4-4EBD-22E0-2C83-21843D0E4376</generatorID>
<ownerDesignName>ATIVIDADE_FASE1_CAP_6_RM92268</ownerDesignName>
<useDomainConstraints>false</useDomainConstraints>
<use>1</use>
<logicalDatatype>LOGDT019</logicalDatatype>
<dataTypePrecision>10</dataTypePrecision>
<ownDataTypeParameters>,10,</ownDataTypeParameters>
<autoIncrementCycle>false</autoIncrementCycle>
</Column>
</columns>
<indexes itemClass="oracle.dbtools.crest.model.design.relational.Index">
<ind_PK_UK id="38B09046-DC18-08E6-E454-7C6CE0B693BC" name="T_VENDEDOR_PK">
<createdBy>mauro</createdBy>
<createdTime>2021-08-23 12:17:06 UTC</createdTime>
<generatorID>861D4E21-0236-53CC-4D97-F55AA26AB9EA</generatorID>
<ownerDesignName>ATIVIDADE_FASE1_CAP_6_RM92268</ownerDesignName>
<pk>true</pk>
<indexState>Primary Constraint</indexState>
<isSurrogateKey>false</isSurrogateKey>
<indexColumnUsage>
<colUsage columnID="CB8BD876-F2D7-C084-C8FF-5194BCE5B256"/>
</indexColumnUsage>
</ind_PK_UK>
<ind_PK_UK id="8ED3E6D1-0831-C6CF-9C51-391AF4494B20" name="VEND_FUNCIONARIO_FK">
<createdBy>mauro</createdBy>
<createdTime>2021-08-23 13:38:02 UTC</createdTime>
<generatorID>C323753F-49BC-2753-89E2-9F968B6A0F95</generatorID>
<ownerDesignName>ATIVIDADE_FASE1_CAP_6_RM92268</ownerDesignName>
<indexState>Foreign Key</indexState>
<isSurrogateKey>false</isSurrogateKey>
<indexColumnUsage>
<colUsage columnID="CB8BD876-F2D7-C084-C8FF-5194BCE5B256"/>
</indexColumnUsage>
</ind_PK_UK>
</indexes>
</Table>