<?xml version = '1.0' encoding = 'UTF-8'?>
<Table class="oracle.dbtools.crest.model.design.relational.Table" directorySegmentName="seg_0" id="15A9FB9B-D2C0-81CB-42F5-F2702A10756C" name="T_PIP_PEDIDO">
<createdBy>mauro</createdBy>
<createdTime>2021-08-23 12:17:05 UTC</createdTime>
<generatorID>DB2A0D03-45C7-6062-D318-AA2D583C6890</generatorID>
<ownerDesignName>ATIVIDADE_FASE1_CAP_6_RM92268</ownerDesignName>
<allowColumnReorder>false</allowColumnReorder>
<existDependencyGenerateInDDl>true</existDependencyGenerateInDDl>
<parsed>true</parsed>
<columns itemClass="oracle.dbtools.crest.model.design.relational.Column">
<Column name="cd_pedido" id="AC1B9EDC-5F4A-7764-102E-2B73F4BAC443">
<createdBy>mauro</createdBy>
<createdTime>2021-08-23 12:17:05 UTC</createdTime>
<generatorID>9418074F-7A4F-A9C4-1666-1D3AA84DE171</generatorID>
<ownerDesignName>ATIVIDADE_FASE1_CAP_6_RM92268</ownerDesignName>
<useDomainConstraints>false</useDomainConstraints>
<use>1</use>
<logicalDatatype>LOGDT019</logicalDatatype>
<dataTypePrecision>20</dataTypePrecision>
<ownDataTypeParameters>,20,</ownDataTypeParameters>
<autoIncrementCycle>false</autoIncrementCycle>
</Column>
<Column name="PEDIDO_FK_cd_cliente" id="A06D63AE-BDF0-A712-69DC-205A4239EE3A">
<createdBy>mauro</createdBy>
<createdTime>2021-08-23 12:17:05 UTC</createdTime>
<generatorID>31F1AB25-0EE5-DA61-569F-975E4D618F1F</generatorID>
<ownerDesignName>ATIVIDADE_FASE1_CAP_6_RM92268</ownerDesignName>
<useDomainConstraints>false</useDomainConstraints>
<use>1</use>
<logicalDatatype>LOGDT019</logicalDatatype>
<dataTypePrecision>10</dataTypePrecision>
<ownDataTypeParameters>,,</ownDataTypeParameters>
<previousColumn>false</previousColumn>
<autoIncrementCycle>false</autoIncrementCycle>
<associations>
<colAssociation fkAssociation="068A9BB4-F9C5-AE18-3455-7F8341316EA3" referredColumn="67C10E4F-2C8E-3A5E-4DBD-79A9B68DDCCC"/>
</associations>
</Column>
<Column name="PEDIDO_FK_cd_nota_fiscal" id="3CA835B5-0DA8-5253-8310-AB4C0068D0B4">
<createdBy>mauro</createdBy>
<createdTime>2021-08-23 12:17:05 UTC</createdTime>
<generatorID>56ABB9BE-6877-4D03-B45E-4120F71AD420</generatorID>
<ownerDesignName>ATIVIDADE_FASE1_CAP_6_RM92268</ownerDesignName>
<useDomainConstraints>false</useDomainConstraints>
<use>1</use>
<logicalDatatype>LOGDT019</logicalDatatype>
<dataTypePrecision>20</dataTypePrecision>
<ownDataTypeParameters>,20,</ownDataTypeParameters>
<previousColumn>false</previousColumn>
<autoIncrementCycle>false</autoIncrementCycle>
<associations>
<colAssociation fkAssociation="5238A582-44FD-31A5-2896-B450EB0CD607" referredColumn="0C077944-4162-55F8-9A76-231231DFBD08"/>
</associations>
</Column>
<Column name="PEDIDO_FK_cd_funcionario" id="226C1FD9-4843-643A-16A4-4DD9F8805D29">
<createdBy>mauro</createdBy>
<createdTime>2021-08-23 13:38:02 UTC</createdTime>
<generatorID>601B2E3B-F25C-0C7B-2216-D75E85321283</generatorID>
<ownerDesignName>ATIVIDADE_FASE1_CAP_6_RM92268</ownerDesignName>
<useDomainConstraints>false</useDomainConstraints>
<use>1</use>
<logicalDatatype>LOGDT019</logicalDatatype>
<dataTypePrecision>10</dataTypePrecision>
<ownDataTypeParameters>,,</ownDataTypeParameters>
<previousColumn>false</previousColumn>
<autoIncrementCycle>false</autoIncrementCycle>
<associations>
<colAssociation fkAssociation="EDAAF078-8037-9DF6-1315-ECA6F62BB8A9" referredColumn="CB8BD876-F2D7-C084-C8FF-5194BCE5B256"/>
</associations>
</Column>
<Column name="dt_pedido" id="940A04FE-C1F2-BD3F-B291-E45182CAEC42">
<createdBy>mauro</createdBy>
<createdTime>2021-08-23 12:17:05 UTC</createdTime>
<generatorID>81EAE645-5563-937F-C566-DDA2FFF78082</generatorID>
<ownerDesignName>ATIVIDADE_FASE1_CAP_6_RM92268</ownerDesignName>
<useDomainConstraints>false</useDomainConstraints>
<use>1</use>
<logicalDatatype>LOGDT007</logicalDatatype>
<ownDataTypeParameters>,,</ownDataTypeParameters>
<autoIncrementCycle>false</autoIncrementCycle>
</Column>
<Column name="vr_pedido" id="38E0C724-D611-A36C-3E9E-CE05C106961B">
<createdBy>mauro</createdBy>
<createdTime>2021-08-23 12:17:05 UTC</createdTime>
<generatorID>9A062634-A70C-067D-9D72-308B98F6DAFE</generatorID>
<ownerDesignName>ATIVIDADE_FASE1_CAP_6_RM92268</ownerDesignName>
<useDomainConstraints>false</useDomainConstraints>
<use>1</use>
<logicalDatatype>LOGDT019</logicalDatatype>
<dataTypePrecision>10</dataTypePrecision>
<ownDataTypeParameters>,10,</ownDataTypeParameters>
<autoIncrementCycle>false</autoIncrementCycle>
</Column>
</columns>
<indexes itemClass="oracle.dbtools.crest.model.design.relational.Index">
<ind_PK_UK id="F1157FBF-191F-7328-0806-A1D8066EE567" name="T_PEDIDO_PK">
<createdBy>mauro</createdBy>
<createdTime>2021-08-23 12:17:05 UTC</createdTime>
<generatorID>296C4460-2C0E-DB95-020E-1B92A60375D5</generatorID>
<ownerDesignName>ATIVIDADE_FASE1_CAP_6_RM92268</ownerDesignName>
<pk>true</pk>
<indexState>Primary Constraint</indexState>
<isSurrogateKey>false</isSurrogateKey>
<indexColumnUsage>
<colUsage columnID="AC1B9EDC-5F4A-7764-102E-2B73F4BAC443"/>
</indexColumnUsage>
</ind_PK_UK>
<ind_PK_UK id="7CE7F1B5-F299-D74A-AD5E-572E72E6B474" name="T_PEDIDO__IDX">
<createdBy>mauro</createdBy>
<createdTime>2021-08-23 12:17:06 UTC</createdTime>
<ownerDesignName>ATIVIDADE_FASE1_CAP_6_RM92268</ownerDesignName>
<indexState>Unique Plain Index</indexState>
<isSurrogateKey>false</isSurrogateKey>
<relationGeneratorID>BCD63573-477F-551D-6EBF-B816BBE699C6</relationGeneratorID>
<indexColumnUsage>
<colUsage columnID="3CA835B5-0DA8-5253-8310-AB4C0068D0B4"/>
</indexColumnUsage>
</ind_PK_UK>
<ind_PK_UK id="32D39C84-F586-3088-FCE0-333628666E04" name="PEDIDO_VENDEDOR_FK">
<createdBy>mauro</createdBy>
<createdTime>2021-08-23 12:17:06 UTC</createdTime>
<generatorID>653D9C50-C233-5394-A1BD-56E914C5D774</generatorID>
<ownerDesignName>ATIVIDADE_FASE1_CAP_6_RM92268</ownerDesignName>
<indexState>Foreign Key</indexState>
<isSurrogateKey>false</isSurrogateKey>
<indexColumnUsage>
<colUsage columnID="226C1FD9-4843-643A-16A4-4DD9F8805D29"/>
</indexColumnUsage>
</ind_PK_UK>
<ind_PK_UK id="8AC9C8F8-C7AD-73E7-FD67-1740BA21EC67" name="PEDIDO_CLIENTE_FK">
<createdBy>mauro</createdBy>
<createdTime>2021-08-23 12:17:06 UTC</createdTime>
<generatorID>49EDA810-61C2-FD1B-4FF4-5372BA13090E</generatorID>
<ownerDesignName>ATIVIDADE_FASE1_CAP_6_RM92268</ownerDesignName>
<indexState>Foreign Key</indexState>
<isSurrogateKey>false</isSurrogateKey>
<indexColumnUsage>
<colUsage columnID="A06D63AE-BDF0-A712-69DC-205A4239EE3A"/>
</indexColumnUsage>
</ind_PK_UK>
<ind_PK_UK id="4B8630D8-3B31-2566-0F83-7BAA355A092C" name="PEDIDO_NOTA_FISCAL_FK">
<createdBy>mauro</createdBy>
<createdTime>2021-08-23 12:17:06 UTC</createdTime>
<generatorID>BCD63573-477F-551D-6EBF-B816BBE699C6</generatorID>
<ownerDesignName>ATIVIDADE_FASE1_CAP_6_RM92268</ownerDesignName>
<indexState>Foreign Key</indexState>
<isSurrogateKey>false</isSurrogateKey>
<indexColumnUsage>
<colUsage columnID="3CA835B5-0DA8-5253-8310-AB4C0068D0B4"/>
</indexColumnUsage>
</ind_PK_UK>
</indexes>
</Table>