<?xml version = '1.0' encoding = 'UTF-8'?>
<Table class="oracle.dbtools.crest.model.design.relational.Table" directorySegmentName="seg_0" id="2CE8C000-2A94-0CDF-D911-8158F9089D35" name="T_PIP_TIPO_FUNC">
<createdBy>mauro</createdBy>
<createdTime>2021-08-31 13:50:05 UTC</createdTime>
<ownerDesignName>ATIVIDADE_FASE1_CAP_6_RM92268</ownerDesignName>
<ordsAlias>table_30</ordsAlias>
<allowColumnReorder>false</allowColumnReorder>
<existDependencyGenerateInDDl>true</existDependencyGenerateInDDl>
<parsed>true</parsed>
<columns itemClass="oracle.dbtools.crest.model.design.relational.Column">
<Column name="cd_tipo_func" id="1EE631C8-6850-F530-0FAD-E742A79B346C">
<createdBy>mauro</createdBy>
<createdTime>2021-08-31 13:50:57 UTC</createdTime>
<ownerDesignName>ATIVIDADE_FASE1_CAP_6_RM92268</ownerDesignName>
<useDomainConstraints>false</useDomainConstraints>
<use>1</use>
<logicalDatatype>LOGDT019</logicalDatatype>
<dataTypePrecision>2</dataTypePrecision>
<ownDataTypeParameters>,2,</ownDataTypeParameters>
<autoIncrementCycle>false</autoIncrementCycle>
</Column>
<Column name="ds_tipo_func" id="5E0E9781-A7FF-D25D-6551-41EA2B02B850">
<createdBy>mauro</createdBy>
<createdTime>2021-08-31 13:50:57 UTC</createdTime>
<ownerDesignName>ATIVIDADE_FASE1_CAP_6_RM92268</ownerDesignName>
<nullsAllowed>true</nullsAllowed>
<useDomainConstraints>false</useDomainConstraints>
<use>1</use>
<logicalDatatype>LOGDT024</logicalDatatype>
<dataTypeSize>30</dataTypeSize>
<ownDataTypeParameters>30,,</ownDataTypeParameters>
<autoIncrementCycle>false</autoIncrementCycle>
</Column>
</columns>
<indexes itemClass="oracle.dbtools.crest.model.design.relational.Index">
<ind_PK_UK id="60B6419D-A901-3AE7-39A1-19371195113A" name="T_PIP_TIPO_FUNC_PK">
<createdBy>mauro</createdBy>
<createdTime>2021-08-31 13:51:00 UTC</createdTime>
<ownerDesignName>ATIVIDADE_FASE1_CAP_6_RM92268</ownerDesignName>
<pk>true</pk>
<indexState>Primary Constraint</indexState>
<isSurrogateKey>false</isSurrogateKey>
<indexColumnUsage>
<colUsage columnID="1EE631C8-6850-F530-0FAD-E742A79B346C"/>
</indexColumnUsage>
</ind_PK_UK>
</indexes>
</Table>