<?xml version = '1.0' encoding = 'UTF-8'?>
<Table class="oracle.dbtools.crest.model.design.relational.Table" directorySegmentName="seg_0" id="40BBB7C2-E953-6AC2-E0E1-317FF7A2C435" name="T_PIP_PESSOA_FISICA">
<createdBy>mauro</createdBy>
<createdTime>2021-08-23 12:17:05 UTC</createdTime>
<generatorID>90F7A27D-0C1E-43B1-D1B3-6B55D1B2393E</generatorID>
<ownerDesignName>ATIVIDADE_FASE1_CAP_6_RM92268</ownerDesignName>
<allowColumnReorder>false</allowColumnReorder>
<existDependencyGenerateInDDl>true</existDependencyGenerateInDDl>
<parsed>true</parsed>
<columns itemClass="oracle.dbtools.crest.model.design.relational.Column">
<Column name="PFISICA_FK_cd_cliente" id="89154AD7-7D3A-0639-B71B-77259ECBEA4C">
<createdBy>mauro</createdBy>
<createdTime>2021-08-23 12:17:05 UTC</createdTime>
<generatorID>BC676AA4-1466-285B-E6F6-F268469B0E3C</generatorID>
<ownerDesignName>ATIVIDADE_FASE1_CAP_6_RM92268</ownerDesignName>
<useDomainConstraints>false</useDomainConstraints>
<use>1</use>
<logicalDatatype>LOGDT019</logicalDatatype>
<dataTypePrecision>10</dataTypePrecision>
<ownDataTypeParameters>,,</ownDataTypeParameters>
<previousColumn>false</previousColumn>
<autoIncrementCycle>false</autoIncrementCycle>
<associations>
<colAssociation fkAssociation="D78DBAF1-8210-0F01-AD48-4192E251B538" referredColumn="67C10E4F-2C8E-3A5E-4DBD-79A9B68DDCCC"/>
</associations>
</Column>
<Column name="nr_cpf" id="84C95FA6-1571-7A01-E0D6-D7DB43A2B72C">
<createdBy>mauro</createdBy>
<createdTime>2021-08-23 12:17:05 UTC</createdTime>
<generatorID>B7FA6E54-D030-ABE1-9DB3-A6C07B7DA426</generatorID>
<ownerDesignName>ATIVIDADE_FASE1_CAP_6_RM92268</ownerDesignName>
<useDomainConstraints>false</useDomainConstraints>
<use>1</use>
<logicalDatatype>LOGDT019</logicalDatatype>
<dataTypePrecision>11</dataTypePrecision>
<ownDataTypeParameters>,11,</ownDataTypeParameters>
<autoIncrementCycle>false</autoIncrementCycle>
</Column>
<Column name="nr_rg" id="437BF85B-E4D4-88B5-A55D-478EB2581335">
<createdBy>mauro</createdBy>
<createdTime>2021-08-23 12:17:05 UTC</createdTime>
<generatorID>7F2B6C47-2591-698C-928A-C9550BC5107C</generatorID>
<ownerDesignName>ATIVIDADE_FASE1_CAP_6_RM92268</ownerDesignName>
<nullsAllowed>true</nullsAllowed>
<useDomainConstraints>false</useDomainConstraints>
<use>1</use>
<logicalDatatype>LOGDT019</logicalDatatype>
<dataTypePrecision>12</dataTypePrecision>
<ownDataTypeParameters>,12,</ownDataTypeParameters>
<autoIncrementCycle>false</autoIncrementCycle>
</Column>
<Column name="dt_nascimento" id="C9DC54FF-92E1-7266-96D8-E3829D50A7B3">
<createdBy>mauro</createdBy>
<createdTime>2021-08-23 12:17:05 UTC</createdTime>
<generatorID>8D6A055B-55D6-C6D6-2DE4-3638EE9A42FC</generatorID>
<ownerDesignName>ATIVIDADE_FASE1_CAP_6_RM92268</ownerDesignName>
<nullsAllowed>true</nullsAllowed>
<useDomainConstraints>false</useDomainConstraints>
<use>1</use>
<logicalDatatype>LOGDT007</logicalDatatype>
<ownDataTypeParameters>,,</ownDataTypeParameters>
<autoIncrementCycle>false</autoIncrementCycle>
</Column>
</columns>
<indexes itemClass="oracle.dbtools.crest.model.design.relational.Index">
<ind_PK_UK id="C65A8239-F8DA-302F-53DB-A6C76DEB4C05" name="T_PESSOA_FISICA_PK">
<createdBy>mauro</createdBy>
<createdTime>2021-08-23 12:17:05 UTC</createdTime>
<generatorID>73F8A5EF-4444-4434-F5F0-8D016EB43077</generatorID>
<ownerDesignName>ATIVIDADE_FASE1_CAP_6_RM92268</ownerDesignName>
<pk>true</pk>
<indexState>Primary Constraint</indexState>
<isSurrogateKey>false</isSurrogateKey>
<indexColumnUsage>
<colUsage columnID="89154AD7-7D3A-0639-B71B-77259ECBEA4C"/>
</indexColumnUsage>
</ind_PK_UK>
<ind_PK_UK id="D6BE0947-4DC1-E76D-EEE0-958374CD87C6" name="T_UN_PESSOA_FISICA__IDX">
<createdBy>mauro</createdBy>
<createdTime>2021-08-30 13:12:53 UTC</createdTime>
<ownerDesignName>ATIVIDADE_FASE1_CAP_6_RM92268</ownerDesignName>
<indexState>Unique Plain Index</indexState>
<isSurrogateKey>false</isSurrogateKey>
<indexColumnUsage>
<colUsage columnID="84C95FA6-1571-7A01-E0D6-D7DB43A2B72C"/>
</indexColumnUsage>
</ind_PK_UK>
<ind_PK_UK id="0038405B-0F72-F43B-30D2-FF19EF0FBB40" name="PESSOA_FISICA_CLIENTE_FK">
<createdBy>mauro</createdBy>
<createdTime>2021-08-23 12:17:06 UTC</createdTime>
<generatorID>C9C16228-7A91-54A8-070A-F9BE120F0B69</generatorID>
<ownerDesignName>ATIVIDADE_FASE1_CAP_6_RM92268</ownerDesignName>
<indexState>Foreign Key</indexState>
<isSurrogateKey>false</isSurrogateKey>
<indexColumnUsage>
<colUsage columnID="89154AD7-7D3A-0639-B71B-77259ECBEA4C"/>
</indexColumnUsage>
</ind_PK_UK>
</indexes>
</Table>