<?xml version = '1.0' encoding = 'UTF-8'?>
<Table class="oracle.dbtools.crest.model.design.relational.Table" directorySegmentName="seg_0" id="5D9FCC2F-3A77-64B0-C0B3-4FA211AE4241" name="T_PIP_FORNECEDOR">
<createdBy>mauro</createdBy>
<createdTime>2021-08-23 12:17:05 UTC</createdTime>
<generatorID>AEC8C16F-C941-C54F-3F0F-67BE092AFDC4</generatorID>
<ownerDesignName>ATIVIDADE_FASE1_CAP_6_RM92268</ownerDesignName>
<allowColumnReorder>false</allowColumnReorder>
<existDependencyGenerateInDDl>true</existDependencyGenerateInDDl>
<parsed>true</parsed>
<columns itemClass="oracle.dbtools.crest.model.design.relational.Column">
<Column name="cd_fornecedor" id="33B88CA6-2A66-7261-187E-55A66E1F7812">
<createdBy>mauro</createdBy>
<createdTime>2021-08-23 12:17:05 UTC</createdTime>
<generatorID>B9D0E6E6-5B85-6E68-8BB8-2C385A4ADA54</generatorID>
<ownerDesignName>ATIVIDADE_FASE1_CAP_6_RM92268</ownerDesignName>
<useDomainConstraints>false</useDomainConstraints>
<use>1</use>
<logicalDatatype>LOGDT019</logicalDatatype>
<dataTypePrecision>10</dataTypePrecision>
<ownDataTypeParameters>,10,</ownDataTypeParameters>
<autoIncrementCycle>false</autoIncrementCycle>
</Column>
<Column name="nm_fornecedor" id="50C3DE8A-DC46-D892-5B51-02B3286A76B9">
<createdBy>mauro</createdBy>
<createdTime>2021-08-23 12:17:05 UTC</createdTime>
<generatorID>B801A290-8F31-9D77-8885-074C079DEE46</generatorID>
<ownerDesignName>ATIVIDADE_FASE1_CAP_6_RM92268</ownerDesignName>
<useDomainConstraints>false</useDomainConstraints>
<use>1</use>
<logicalDatatype>LOGDT024</logicalDatatype>
<dataTypeSize>30</dataTypeSize>
<ownDataTypeParameters>30,,</ownDataTypeParameters>
<autoIncrementCycle>false</autoIncrementCycle>
</Column>
<Column name="dr_area_atuante" id="6D3968FE-0964-ADAD-CE67-2233E0696E8A">
<createdBy>mauro</createdBy>
<createdTime>2021-08-23 12:17:05 UTC</createdTime>
<generatorID>15F91F6B-2C04-14F8-98C1-CDC6A0A00CB8</generatorID>
<ownerDesignName>ATIVIDADE_FASE1_CAP_6_RM92268</ownerDesignName>
<useDomainConstraints>false</useDomainConstraints>
<use>1</use>
<logicalDatatype>LOGDT024</logicalDatatype>
<dataTypeSize>30</dataTypeSize>
<ownDataTypeParameters>30,,</ownDataTypeParameters>
<autoIncrementCycle>false</autoIncrementCycle>
</Column>
</columns>
<indexes itemClass="oracle.dbtools.crest.model.design.relational.Index">
<ind_PK_UK id="528FF0C0-8125-675E-B7FE-B42E2282C5EC" name="T_FORNECEDOR_PK">
<createdBy>mauro</createdBy>
<createdTime>2021-08-23 12:17:05 UTC</createdTime>
<generatorID>811C80F3-870E-94BE-36F0-8F39EC2CF33C</generatorID>
<ownerDesignName>ATIVIDADE_FASE1_CAP_6_RM92268</ownerDesignName>
<pk>true</pk>
<indexState>Primary Constraint</indexState>
<isSurrogateKey>false</isSurrogateKey>
<indexColumnUsage>
<colUsage columnID="33B88CA6-2A66-7261-187E-55A66E1F7812"/>
</indexColumnUsage>
</ind_PK_UK>
</indexes>
</Table>