<?xml version = '1.0' encoding = 'UTF-8'?>
<Table class="oracle.dbtools.crest.model.design.relational.Table" directorySegmentName="seg_0" id="60DE04C6-3E35-3CAF-399C-B1D6AB54CA76" name="T_PIP_CLIENTE_ENDERECO">
<createdBy>mauro</createdBy>
<createdTime>2021-08-23 12:17:05 UTC</createdTime>
<generatorID>8D668B9D-050E-04EA-82B1-B00D014FFDED</generatorID>
<ownerDesignName>ATIVIDADE_FASE1_CAP_6_RM92268</ownerDesignName>
<allowColumnReorder>false</allowColumnReorder>
<existDependencyGenerateInDDl>true</existDependencyGenerateInDDl>
<parsed>true</parsed>
<columns itemClass="oracle.dbtools.crest.model.design.relational.Column">
<Column name="CEND_FK_cd_cliente" id="46BB89B2-89BC-00DA-84C8-EBB750BD4A2A">
<createdBy>mauro</createdBy>
<createdTime>2021-08-23 12:17:05 UTC</createdTime>
<generatorID>BD2776B0-BE5F-2AEA-6614-590C511CB555</generatorID>
<ownerDesignName>ATIVIDADE_FASE1_CAP_6_RM92268</ownerDesignName>
<useDomainConstraints>false</useDomainConstraints>
<use>1</use>
<logicalDatatype>LOGDT019</logicalDatatype>
<dataTypePrecision>10</dataTypePrecision>
<ownDataTypeParameters>,,</ownDataTypeParameters>
<previousColumn>false</previousColumn>
<autoIncrementCycle>false</autoIncrementCycle>
<associations>
<colAssociation fkAssociation="87DCF56A-F8B0-E780-D757-B38C3E764DE9" referredColumn="67C10E4F-2C8E-3A5E-4DBD-79A9B68DDCCC"/>
</associations>
</Column>
<Column name="CEND_FK_nr_cep" id="C0DE198B-116B-C36E-3780-7F9E1CCCFB23">
<createdBy>mauro</createdBy>
<createdTime>2021-08-23 12:17:05 UTC</createdTime>
<generatorID>DFF2C651-CB66-C982-730B-8BF38303121E</generatorID>
<ownerDesignName>ATIVIDADE_FASE1_CAP_6_RM92268</ownerDesignName>
<useDomainConstraints>false</useDomainConstraints>
<use>1</use>
<logicalDatatype>LOGDT019</logicalDatatype>
<dataTypePrecision>8</dataTypePrecision>
<ownDataTypeParameters>,,</ownDataTypeParameters>
<previousColumn>false</previousColumn>
<autoIncrementCycle>false</autoIncrementCycle>
<associations>
<colAssociation fkAssociation="5C3877CC-4A51-66B8-3015-F2F518B45827" referredColumn="5C219C40-C2C4-AE9E-4AB5-381DDBFE293A"/>
</associations>
</Column>
<Column name="nr_endereco" id="DD8A9CD3-4AE8-9D1F-BF37-070D3A306F42">
<createdBy>mauro</createdBy>
<createdTime>2021-08-23 12:17:05 UTC</createdTime>
<generatorID>55FCC800-D411-8647-4371-A75CADAE640D</generatorID>
<ownerDesignName>ATIVIDADE_FASE1_CAP_6_RM92268</ownerDesignName>
<useDomainConstraints>false</useDomainConstraints>
<use>1</use>
<logicalDatatype>LOGDT019</logicalDatatype>
<dataTypePrecision>5</dataTypePrecision>
<ownDataTypeParameters>,5,</ownDataTypeParameters>
<autoIncrementCycle>false</autoIncrementCycle>
</Column>
<Column name="ds_complemento" id="A77D0DF3-FE6B-B32E-1D9E-03997A49BA90">
<createdBy>mauro</createdBy>
<createdTime>2021-08-23 12:17:05 UTC</createdTime>
<generatorID>522C11C4-AEC4-1698-D5DE-4F0F01B57A7D</generatorID>
<ownerDesignName>ATIVIDADE_FASE1_CAP_6_RM92268</ownerDesignName>
<nullsAllowed>true</nullsAllowed>
<useDomainConstraints>false</useDomainConstraints>
<use>1</use>
<logicalDatatype>LOGDT024</logicalDatatype>
<dataTypeSize>30</dataTypeSize>
<ownDataTypeParameters>30,,</ownDataTypeParameters>
<autoIncrementCycle>false</autoIncrementCycle>
</Column>
</columns>
<indexes itemClass="oracle.dbtools.crest.model.design.relational.Index">
<ind_PK_UK id="F6C22524-8CD3-424E-F148-01CE189E2432" name="T_CLIENTE_ENDERECO_PK">
<createdBy>mauro</createdBy>
<createdTime>2021-08-23 12:17:05 UTC</createdTime>
<generatorID>32C0DD51-C902-BCB1-F16F-959DB08183DE</generatorID>
<ownerDesignName>ATIVIDADE_FASE1_CAP_6_RM92268</ownerDesignName>
<pk>true</pk>
<indexState>Primary Constraint</indexState>
<isSurrogateKey>false</isSurrogateKey>
<indexColumnUsage>
<colUsage columnID="46BB89B2-89BC-00DA-84C8-EBB750BD4A2A"/>
<colUsage columnID="C0DE198B-116B-C36E-3780-7F9E1CCCFB23"/>
</indexColumnUsage>
</ind_PK_UK>
<ind_PK_UK id="E94CF4F7-FEAA-49B1-4B9E-DB1588A89165" name="CLI_END_T_PIP_CLIENTE_FK">
<createdBy>mauro</createdBy>
<createdTime>2021-08-23 12:17:06 UTC</createdTime>
<generatorID>F3FA58F5-7B46-82A0-CEB8-8595A8823198</generatorID>
<ownerDesignName>ATIVIDADE_FASE1_CAP_6_RM92268</ownerDesignName>
<indexState>Foreign Key</indexState>
<isSurrogateKey>false</isSurrogateKey>
<indexColumnUsage>
<colUsage columnID="46BB89B2-89BC-00DA-84C8-EBB750BD4A2A"/>
</indexColumnUsage>
</ind_PK_UK>
<ind_PK_UK id="10E124DE-F5C3-4951-D2F6-E0C444B1305D" name="CLI_END_T_PIP_ENDEREÇO_FK">
<createdBy>mauro</createdBy>
<createdTime>2021-08-23 12:17:06 UTC</createdTime>
<generatorID>6CC42B81-E946-0016-0CFF-3F95F3CA17EE</generatorID>
<ownerDesignName>ATIVIDADE_FASE1_CAP_6_RM92268</ownerDesignName>
<indexState>Foreign Key</indexState>
<isSurrogateKey>false</isSurrogateKey>
<indexColumnUsage>
<colUsage columnID="C0DE198B-116B-C36E-3780-7F9E1CCCFB23"/>
</indexColumnUsage>
</ind_PK_UK>
</indexes>
</Table>