<?xml version = '1.0' encoding = 'UTF-8'?>
<Table class="oracle.dbtools.crest.model.design.relational.Table" directorySegmentName="seg_0" id="63D5353B-4315-DDC4-2492-86E77BBEE22F" name="T_PIP_PESSOA_JURIDICAv2">
<createdBy>mauro</createdBy>
<createdTime>2021-08-23 12:17:05 UTC</createdTime>
<generatorID>398DD083-EE20-CDC2-E2B5-D4AFD8167D4F</generatorID>
<ownerDesignName>ATIVIDADE_FASE1_CAP_6_RM92268</ownerDesignName>
<allowColumnReorder>false</allowColumnReorder>
<existDependencyGenerateInDDl>true</existDependencyGenerateInDDl>
<parsed>true</parsed>
<columns itemClass="oracle.dbtools.crest.model.design.relational.Column">
<Column name="PJURIDICA_FK_cd_cliente" id="02D89AF8-285F-4451-0A15-7F8581E47297">
<createdBy>mauro</createdBy>
<createdTime>2021-08-23 12:17:05 UTC</createdTime>
<generatorID>9F1C8818-5930-1B59-AE13-91E0A9DE66D5</generatorID>
<ownerDesignName>ATIVIDADE_FASE1_CAP_6_RM92268</ownerDesignName>
<useDomainConstraints>false</useDomainConstraints>
<use>1</use>
<logicalDatatype>LOGDT019</logicalDatatype>
<dataTypePrecision>10</dataTypePrecision>
<ownDataTypeParameters>,,</ownDataTypeParameters>
<previousColumn>false</previousColumn>
<autoIncrementCycle>false</autoIncrementCycle>
<associations>
<colAssociation fkAssociation="A26091D8-057E-F02C-894C-7E9F2DD9BD8E" referredColumn="67C10E4F-2C8E-3A5E-4DBD-79A9B68DDCCC"/>
</associations>
</Column>
<Column name="nr_cnpj" id="F6B8E20D-F0DF-AEDF-2921-20F6031BFDE2">
<createdBy>mauro</createdBy>
<createdTime>2021-08-23 12:17:05 UTC</createdTime>
<generatorID>9E6F7ABB-4EB3-2DED-25F6-2EE0A2EC0842</generatorID>
<ownerDesignName>ATIVIDADE_FASE1_CAP_6_RM92268</ownerDesignName>
<useDomainConstraints>false</useDomainConstraints>
<use>1</use>
<logicalDatatype>LOGDT019</logicalDatatype>
<dataTypePrecision>14</dataTypePrecision>
<ownDataTypeParameters>,14,</ownDataTypeParameters>
<autoIncrementCycle>false</autoIncrementCycle>
</Column>
<Column name="ds_razo_social" id="B57A5822-D98E-5C5A-5B95-98AAD41EE439">
<createdBy>mauro</createdBy>
<createdTime>2021-08-23 12:17:05 UTC</createdTime>
<generatorID>7AD36696-88A5-422F-714F-6C2E679F993A</generatorID>
<ownerDesignName>ATIVIDADE_FASE1_CAP_6_RM92268</ownerDesignName>
<useDomainConstraints>false</useDomainConstraints>
<use>1</use>
<logicalDatatype>LOGDT024</logicalDatatype>
<dataTypeSize>30</dataTypeSize>
<ownDataTypeParameters>30,,</ownDataTypeParameters>
<autoIncrementCycle>false</autoIncrementCycle>
</Column>
<Column name="ds_ramo_ativ" id="0830C2EC-A8F2-1116-6808-41F1D4A26DD7">
<createdBy>mauro</createdBy>
<createdTime>2021-08-23 12:17:05 UTC</createdTime>
<generatorID>9EF6EAAF-1B1B-F9D5-0DB9-293B3740B5EE</generatorID>
<ownerDesignName>ATIVIDADE_FASE1_CAP_6_RM92268</ownerDesignName>
<useDomainConstraints>false</useDomainConstraints>
<use>1</use>
<logicalDatatype>LOGDT024</logicalDatatype>
<dataTypeSize>30</dataTypeSize>
<ownDataTypeParameters>30,,</ownDataTypeParameters>
<autoIncrementCycle>false</autoIncrementCycle>
</Column>
</columns>
<indexes itemClass="oracle.dbtools.crest.model.design.relational.Index">
<ind_PK_UK id="064FB847-9D6B-CD87-E48C-C19D7BAFD5C1" name="T_PESSOA_JURIDICAv2_PK">
<createdBy>mauro</createdBy>
<createdTime>2021-08-23 12:17:05 UTC</createdTime>
<generatorID>9F761770-4EB6-768D-A2FD-91B8ED62DF7C</generatorID>
<ownerDesignName>ATIVIDADE_FASE1_CAP_6_RM92268</ownerDesignName>
<pk>true</pk>
<indexState>Primary Constraint</indexState>
<isSurrogateKey>false</isSurrogateKey>
<indexColumnUsage>
<colUsage columnID="02D89AF8-285F-4451-0A15-7F8581E47297"/>
</indexColumnUsage>
</ind_PK_UK>
<ind_PK_UK id="1B4FF8B5-D19C-22A3-ADCC-49FAD33ED8AE" name="T_UN_PESSOA_JURIDICAv2__IDX">
<createdBy>mauro</createdBy>
<createdTime>2021-08-30 13:13:42 UTC</createdTime>
<ownerDesignName>ATIVIDADE_FASE1_CAP_6_RM92268</ownerDesignName>
<indexState>Unique Plain Index</indexState>
<isSurrogateKey>false</isSurrogateKey>
<indexColumnUsage>
<colUsage columnID="F6B8E20D-F0DF-AEDF-2921-20F6031BFDE2"/>
</indexColumnUsage>
</ind_PK_UK>
<ind_PK_UK id="AA6513CC-1658-AB59-5AC5-AAD0075F33AA" name="PESSOA_JURIDICA_CLIENTE_FK">
<createdBy>mauro</createdBy>
<createdTime>2021-08-23 12:17:06 UTC</createdTime>
<generatorID>CFBD8BC4-F53A-13F7-4492-D41CD0201782</generatorID>
<ownerDesignName>ATIVIDADE_FASE1_CAP_6_RM92268</ownerDesignName>
<indexState>Foreign Key</indexState>
<isSurrogateKey>false</isSurrogateKey>
<indexColumnUsage>
<colUsage columnID="02D89AF8-285F-4451-0A15-7F8581E47297"/>
</indexColumnUsage>
</ind_PK_UK>
</indexes>
</Table>