<?xml version = '1.0' encoding = 'UTF-8'?>
<Table class="oracle.dbtools.crest.model.design.relational.Table" directorySegmentName="seg_0" id="6B061B17-CF95-A584-10E0-917FEDC10FC2" name="T_PIP_CIDADE">
<createdBy>mauro</createdBy>
<createdTime>2021-08-23 12:17:05 UTC</createdTime>
<generatorID>833BAF1B-0878-097E-15DC-5A70EBE05FDB</generatorID>
<ownerDesignName>ATIVIDADE_FASE1_CAP_6_RM92268</ownerDesignName>
<allowColumnReorder>false</allowColumnReorder>
<existDependencyGenerateInDDl>true</existDependencyGenerateInDDl>
<parsed>true</parsed>
<columns itemClass="oracle.dbtools.crest.model.design.relational.Column">
<Column name="cd_cidade" id="239D2656-D521-16A9-D0B2-559D82479F3A">
<createdBy>mauro</createdBy>
<createdTime>2021-08-23 12:17:05 UTC</createdTime>
<generatorID>A4276BB5-E678-3363-E9A4-4A58C0A5AAC9</generatorID>
<ownerDesignName>ATIVIDADE_FASE1_CAP_6_RM92268</ownerDesignName>
<useDomainConstraints>false</useDomainConstraints>
<use>1</use>
<logicalDatatype>LOGDT019</logicalDatatype>
<dataTypePrecision>10</dataTypePrecision>
<ownDataTypeParameters>,10,</ownDataTypeParameters>
<autoIncrementCycle>false</autoIncrementCycle>
</Column>
<Column name="CIDADE_FK_cd_estado" id="00D55BF0-9E7A-B3E8-7A2A-E1C92AF23A0C">
<createdBy>mauro</createdBy>
<createdTime>2021-08-23 12:17:05 UTC</createdTime>
<generatorID>8F4844B7-C3DD-443B-DBC6-8C0ED53FD192</generatorID>
<ownerDesignName>ATIVIDADE_FASE1_CAP_6_RM92268</ownerDesignName>
<useDomainConstraints>false</useDomainConstraints>
<use>1</use>
<logicalDatatype>LOGDT019</logicalDatatype>
<dataTypePrecision>10</dataTypePrecision>
<ownDataTypeParameters>,,</ownDataTypeParameters>
<previousColumn>false</previousColumn>
<autoIncrementCycle>false</autoIncrementCycle>
<associations>
<colAssociation fkAssociation="1014D9A8-D375-41DB-BAD2-93ED7F2B1F28" referredColumn="E11322D2-FA40-C3D5-38AC-66FED98A5208"/>
</associations>
</Column>
<Column name="nm_cidade" id="6B66B203-6468-03E3-D63E-24629D4F29E2">
<createdBy>mauro</createdBy>
<createdTime>2021-08-23 12:17:05 UTC</createdTime>
<generatorID>47F8A1E8-1110-DB71-9AD2-FD959D3D280A</generatorID>
<ownerDesignName>ATIVIDADE_FASE1_CAP_6_RM92268</ownerDesignName>
<useDomainConstraints>false</useDomainConstraints>
<use>1</use>
<logicalDatatype>LOGDT024</logicalDatatype>
<dataTypeSize>30</dataTypeSize>
<ownDataTypeParameters>30,,</ownDataTypeParameters>
<autoIncrementCycle>false</autoIncrementCycle>
</Column>
</columns>
<indexes itemClass="oracle.dbtools.crest.model.design.relational.Index">
<ind_PK_UK id="79753724-92C1-06B0-FE99-23F95E081B56" name="T_CIDADE_PK">
<createdBy>mauro</createdBy>
<createdTime>2021-08-23 12:17:05 UTC</createdTime>
<generatorID>0CEA5087-6080-A817-1EE5-62D6123C28E5</generatorID>
<ownerDesignName>ATIVIDADE_FASE1_CAP_6_RM92268</ownerDesignName>
<pk>true</pk>
<indexState>Primary Constraint</indexState>
<isSurrogateKey>false</isSurrogateKey>
<indexColumnUsage>
<colUsage columnID="239D2656-D521-16A9-D0B2-559D82479F3A"/>
</indexColumnUsage>
</ind_PK_UK>
<ind_PK_UK id="E75CA666-8478-77FE-50FF-881A7A519E7F" name="CID_T_PIP_ESTADO_FK">
<createdBy>mauro</createdBy>
<createdTime>2021-08-23 12:17:06 UTC</createdTime>
<generatorID>1D899540-CEB6-DB6F-81D1-DF79126F70C5</generatorID>
<ownerDesignName>ATIVIDADE_FASE1_CAP_6_RM92268</ownerDesignName>
<indexState>Foreign Key</indexState>
<isSurrogateKey>false</isSurrogateKey>
<indexColumnUsage>
<colUsage columnID="00D55BF0-9E7A-B3E8-7A2A-E1C92AF23A0C"/>
</indexColumnUsage>
</ind_PK_UK>
</indexes>
</Table>