<?xml version = '1.0' encoding = 'UTF-8'?>
<Table class="oracle.dbtools.crest.model.design.relational.Table" directorySegmentName="seg_0" id="77DEE9C8-314E-BE0F-5EF1-90649452E149" name="T_PIP_FUNCIONARIO">
<createdBy>mauro</createdBy>
<createdTime>2021-08-23 13:38:02 UTC</createdTime>
<generatorID>616C6584-43D3-C320-A079-CEAED14932D1</generatorID>
<ownerDesignName>ATIVIDADE_FASE1_CAP_6_RM92268</ownerDesignName>
<allowColumnReorder>false</allowColumnReorder>
<existDependencyGenerateInDDl>true</existDependencyGenerateInDDl>
<parsed>true</parsed>
<columns itemClass="oracle.dbtools.crest.model.design.relational.Column">
<Column name="cd_funcionario" id="059F4603-666F-B8A0-B3AF-FAADD1AA36C9">
<createdBy>mauro</createdBy>
<createdTime>2021-08-23 13:38:02 UTC</createdTime>
<generatorID>1E997824-F7DC-55ED-FCF6-FF7EBF211269</generatorID>
<ownerDesignName>ATIVIDADE_FASE1_CAP_6_RM92268</ownerDesignName>
<useDomainConstraints>false</useDomainConstraints>
<use>1</use>
<logicalDatatype>LOGDT019</logicalDatatype>
<dataTypePrecision>10</dataTypePrecision>
<ownDataTypeParameters>,10,</ownDataTypeParameters>
<autoIncrementCycle>false</autoIncrementCycle>
</Column>
<Column name="FUNC_FK_cd_tipo_func" id="18317691-AF9D-9593-4370-F82EEC3B0536">
<createdBy>mauro</createdBy>
<createdTime>2021-08-31 13:51:29 UTC</createdTime>
<ownerDesignName>ATIVIDADE_FASE1_CAP_6_RM92268</ownerDesignName>
<useDomainConstraints>false</useDomainConstraints>
<use>1</use>
<logicalDatatype>LOGDT019</logicalDatatype>
<dataTypePrecision>2</dataTypePrecision>
<ownDataTypeParameters>,,</ownDataTypeParameters>
<previousColumn>false</previousColumn>
<autoIncrementCycle>false</autoIncrementCycle>
<associations>
<colAssociation fkAssociation="3EF2947F-694D-B506-3B23-6655B3649EB3" referredColumn="1EE631C8-6850-F530-0FAD-E742A79B346C"/>
</associations>
</Column>
<Column name="FUNC_FK_cd_loja" id="F2499350-413F-6EB7-FAC9-29EF48323889">
<createdBy>mauro</createdBy>
<createdTime>2021-08-23 13:38:02 UTC</createdTime>
<generatorID>0549BA27-48E3-03D9-BCEC-4012C5B72896</generatorID>
<ownerDesignName>ATIVIDADE_FASE1_CAP_6_RM92268</ownerDesignName>
<useDomainConstraints>false</useDomainConstraints>
<use>1</use>
<logicalDatatype>LOGDT019</logicalDatatype>
<dataTypePrecision>2</dataTypePrecision>
<ownDataTypeParameters>,,</ownDataTypeParameters>
<previousColumn>false</previousColumn>
<autoIncrementCycle>false</autoIncrementCycle>
<associations>
<colAssociation fkAssociation="0C1EEB84-F875-8A4F-3CA4-3714FCEFA4EB" referredColumn="441DEC0B-96F2-B00E-8326-23B91B134B2C"/>
</associations>
</Column>
<Column name="vr_salario" id="0A17FCDC-5B50-E297-08C6-FBDE85A6CD2B">
<createdBy>mauro</createdBy>
<createdTime>2021-08-23 13:38:02 UTC</createdTime>
<generatorID>D6C90E66-B001-C3F7-4138-DD0BF1E0F9A6</generatorID>
<ownerDesignName>ATIVIDADE_FASE1_CAP_6_RM92268</ownerDesignName>
<useDomainConstraints>false</useDomainConstraints>
<use>1</use>
<logicalDatatype>LOGDT019</logicalDatatype>
<dataTypePrecision>10</dataTypePrecision>
<ownDataTypeParameters>,10,</ownDataTypeParameters>
<autoIncrementCycle>false</autoIncrementCycle>
</Column>
<Column name="dt_contratação" id="6DC08266-69ED-F4BA-EDC7-C8FE416723E2">
<createdBy>mauro</createdBy>
<createdTime>2021-08-23 13:38:02 UTC</createdTime>
<generatorID>B35CF9B0-A7CE-CB2A-88C9-6E89469C2AC1</generatorID>
<ownerDesignName>ATIVIDADE_FASE1_CAP_6_RM92268</ownerDesignName>
<useDomainConstraints>false</useDomainConstraints>
<use>1</use>
<logicalDatatype>LOGDT007</logicalDatatype>
<ownDataTypeParameters>,,</ownDataTypeParameters>
<autoIncrementCycle>false</autoIncrementCycle>
</Column>
<Column name="dt_demissão" id="49432AF9-EBEA-B43B-3C1E-73B1BDEAB678">
<createdBy>mauro</createdBy>
<createdTime>2021-08-23 13:38:02 UTC</createdTime>
<generatorID>CA15735B-8BBB-A00A-DBFE-45B517C6553D</generatorID>
<ownerDesignName>ATIVIDADE_FASE1_CAP_6_RM92268</ownerDesignName>
<nullsAllowed>true</nullsAllowed>
<useDomainConstraints>false</useDomainConstraints>
<use>1</use>
<logicalDatatype>LOGDT007</logicalDatatype>
<ownDataTypeParameters>,,</ownDataTypeParameters>
<autoIncrementCycle>false</autoIncrementCycle>
</Column>
<Column name="ds_endereco" id="E768F1E7-246C-0BD2-4DEC-45862CEDC14E">
<createdBy>mauro</createdBy>
<createdTime>2021-08-23 13:38:02 UTC</createdTime>
<generatorID>1E7C4AD6-1F5D-0841-5F12-452473D46C6A</generatorID>
<ownerDesignName>ATIVIDADE_FASE1_CAP_6_RM92268</ownerDesignName>
<useDomainConstraints>false</useDomainConstraints>
<use>1</use>
<logicalDatatype>LOGDT024</logicalDatatype>
<dataTypeSize>30</dataTypeSize>
<ownDataTypeParameters>30,,</ownDataTypeParameters>
<autoIncrementCycle>false</autoIncrementCycle>
</Column>
<Column name="nr_cpf" id="0D737048-492C-40EE-3505-13296D446342">
<createdBy>mauro</createdBy>
<createdTime>2021-08-23 13:38:02 UTC</createdTime>
<generatorID>8B44F4A9-2050-6F5C-AE32-EF4E0AB82B3A</generatorID>
<ownerDesignName>ATIVIDADE_FASE1_CAP_6_RM92268</ownerDesignName>
<useDomainConstraints>false</useDomainConstraints>
<use>1</use>
<logicalDatatype>LOGDT019</logicalDatatype>
<dataTypePrecision>11</dataTypePrecision>
<ownDataTypeParameters>,11,</ownDataTypeParameters>
<autoIncrementCycle>false</autoIncrementCycle>
</Column>
<Column name="nm_funcionario" id="7C7A2BFA-3435-CA56-4764-6910F6A3B78B">
<createdBy>mauro</createdBy>
<createdTime>2021-08-23 13:38:02 UTC</createdTime>
<generatorID>D02E8410-C968-BEFC-E0D5-609E6BBC305D</generatorID>
<ownerDesignName>ATIVIDADE_FASE1_CAP_6_RM92268</ownerDesignName>
<useDomainConstraints>false</useDomainConstraints>
<use>1</use>
<logicalDatatype>LOGDT024</logicalDatatype>
<dataTypeSize>60</dataTypeSize>
<ownDataTypeParameters>60,,</ownDataTypeParameters>
<autoIncrementCycle>false</autoIncrementCycle>
</Column>
<Column name="cd_loja" id="5A12B476-1DC5-8EC4-9992-5CB5D56859E1">
<createdBy>mauro</createdBy>
<createdTime>2021-08-23 14:31:02 UTC</createdTime>
<generatorID>CE7E22E6-5EED-2EC9-4793-28D45FAFBB14</generatorID>
<ownerDesignName>ATIVIDADE_FASE1_CAP_6_RM92268</ownerDesignName>
<useDomainConstraints>false</useDomainConstraints>
<use>1</use>
<logicalDatatype>LOGDT019</logicalDatatype>
<dataTypePrecision>10</dataTypePrecision>
<ownDataTypeParameters>,10,</ownDataTypeParameters>
<previousColumn>false</previousColumn>
<autoIncrementCycle>false</autoIncrementCycle>
</Column>
</columns>
<indexes itemClass="oracle.dbtools.crest.model.design.relational.Index">
<ind_PK_UK id="75CB30FC-07DD-D6DA-97F4-A839AC774673" name="T_FUNCIONARIO_PK">
<createdBy>mauro</createdBy>
<createdTime>2021-08-23 13:38:02 UTC</createdTime>
<generatorID>05CEE49F-C94D-C526-C7EA-860E96B92E66</generatorID>
<ownerDesignName>ATIVIDADE_FASE1_CAP_6_RM92268</ownerDesignName>
<pk>true</pk>
<indexState>Primary Constraint</indexState>
<isSurrogateKey>false</isSurrogateKey>
<indexColumnUsage>
<colUsage columnID="059F4603-666F-B8A0-B3AF-FAADD1AA36C9"/>
</indexColumnUsage>
</ind_PK_UK>
<ind_PK_UK id="0EB81279-8462-67FA-868D-B7A0043BB7F5" name="T_UN_FUNCIONARIO__IDX">
<createdBy>mauro</createdBy>
<createdTime>2021-08-30 13:14:52 UTC</createdTime>
<ownerDesignName>ATIVIDADE_FASE1_CAP_6_RM92268</ownerDesignName>
<indexState>Unique Plain Index</indexState>
<isSurrogateKey>false</isSurrogateKey>
<indexColumnUsage>
<colUsage columnID="0D737048-492C-40EE-3505-13296D446342"/>
</indexColumnUsage>
</ind_PK_UK>
<ind_PK_UK id="9E2D7A69-2DDB-27ED-91E8-CDF1B005F45A" name="FUNCIONARIO_LOJA_FK">
<createdBy>mauro</createdBy>
<createdTime>2021-08-23 13:38:02 UTC</createdTime>
<generatorID>E4E0BFCC-9E9A-D046-3BA3-14D1567477EB</generatorID>
<ownerDesignName>ATIVIDADE_FASE1_CAP_6_RM92268</ownerDesignName>
<indexState>Foreign Key</indexState>
<isSurrogateKey>false</isSurrogateKey>
<indexColumnUsage>
<colUsage columnID="F2499350-413F-6EB7-FAC9-29EF48323889"/>
</indexColumnUsage>
</ind_PK_UK>
<ind_PK_UK id="92E1F4B0-D0DB-1F43-9823-B4DCDE885640" name="FUNC_TIPO_FUNC_FK">
<createdBy>mauro</createdBy>
<createdTime>2021-08-31 13:51:29 UTC</createdTime>
<ownerDesignName>ATIVIDADE_FASE1_CAP_6_RM92268</ownerDesignName>
<indexState>Foreign Key</indexState>
<isSurrogateKey>false</isSurrogateKey>
<indexColumnUsage>
<colUsage columnID="18317691-AF9D-9593-4370-F82EEC3B0536"/>
</indexColumnUsage>
</ind_PK_UK>
</indexes>
</Table>