<?xml version = '1.0' encoding = 'UTF-8'?>
<Table class="oracle.dbtools.crest.model.design.relational.Table" directorySegmentName="seg_0" id="B811D789-CEC8-D8E0-7649-54C96C117CF6" name="T_PIP_TELEFONE">
<createdBy>mauro</createdBy>
<createdTime>2021-08-23 12:17:06 UTC</createdTime>
<generatorID>C82A75FE-58EE-2DCB-83CB-799D0E0F133C</generatorID>
<ownerDesignName>ATIVIDADE_FASE1_CAP_6_RM92268</ownerDesignName>
<allowColumnReorder>false</allowColumnReorder>
<existDependencyGenerateInDDl>true</existDependencyGenerateInDDl>
<parsed>true</parsed>
<columns itemClass="oracle.dbtools.crest.model.design.relational.Column">
<Column name="cd_telefone" id="1D7C43AF-938F-A4F1-2E5D-453D0377C116">
<createdBy>mauro</createdBy>
<createdTime>2021-08-23 12:17:06 UTC</createdTime>
<generatorID>BCE1F300-0A8B-84EB-9FE1-B7577B7FDFAC</generatorID>
<ownerDesignName>ATIVIDADE_FASE1_CAP_6_RM92268</ownerDesignName>
<useDomainConstraints>false</useDomainConstraints>
<use>1</use>
<logicalDatatype>LOGDT019</logicalDatatype>
<dataTypePrecision>10</dataTypePrecision>
<ownDataTypeParameters>,10,</ownDataTypeParameters>
<autoIncrementCycle>false</autoIncrementCycle>
</Column>
<Column name="TELEFONE_FK_cd_tipo_fone" id="FA3918C6-088B-4D86-F5B9-2E253416258D">
<createdBy>mauro</createdBy>
<createdTime>2021-08-23 12:17:06 UTC</createdTime>
<generatorID>CE8F180C-5F00-CFD4-2C6F-BDED14C618F5</generatorID>
<ownerDesignName>ATIVIDADE_FASE1_CAP_6_RM92268</ownerDesignName>
<useDomainConstraints>false</useDomainConstraints>
<use>1</use>
<logicalDatatype>LOGDT019</logicalDatatype>
<dataTypePrecision>10</dataTypePrecision>
<ownDataTypeParameters>,,</ownDataTypeParameters>
<previousColumn>false</previousColumn>
<autoIncrementCycle>false</autoIncrementCycle>
<associations>
<colAssociation fkAssociation="20234A80-5884-8374-30B8-08D92AF8B401" referredColumn="304B8555-174E-D838-60FD-B35D738DB360"/>
</associations>
</Column>
<Column name="TELEFONE_FK_cd_cliente" id="C239BA92-2F4C-781E-358A-5D620B526F1E">
<createdBy>mauro</createdBy>
<createdTime>2021-08-23 12:17:06 UTC</createdTime>
<generatorID>B7AED96F-5813-27AB-A28D-0E6966064386</generatorID>
<ownerDesignName>ATIVIDADE_FASE1_CAP_6_RM92268</ownerDesignName>
<useDomainConstraints>false</useDomainConstraints>
<use>1</use>
<logicalDatatype>LOGDT019</logicalDatatype>
<dataTypePrecision>10</dataTypePrecision>
<ownDataTypeParameters>,,</ownDataTypeParameters>
<previousColumn>false</previousColumn>
<autoIncrementCycle>false</autoIncrementCycle>
<associations>
<colAssociation fkAssociation="F5E43DA2-450C-91B2-CEE5-7FD504491310" referredColumn="67C10E4F-2C8E-3A5E-4DBD-79A9B68DDCCC"/>
</associations>
</Column>
<Column name="nr_telefone" id="D36B0358-BAE1-CE6E-3B92-CBD1F11F2819">
<createdBy>mauro</createdBy>
<createdTime>2021-08-23 12:17:06 UTC</createdTime>
<generatorID>E537ED37-D79E-2D18-5F34-169BEE7FB975</generatorID>
<ownerDesignName>ATIVIDADE_FASE1_CAP_6_RM92268</ownerDesignName>
<useDomainConstraints>false</useDomainConstraints>
<use>1</use>
<logicalDatatype>LOGDT019</logicalDatatype>
<dataTypePrecision>11</dataTypePrecision>
<ownDataTypeParameters>,11,</ownDataTypeParameters>
<autoIncrementCycle>false</autoIncrementCycle>
</Column>
<Column name="nm_ddd" id="2CF5C5C4-F4D2-CD57-9869-C7BE77E7B7FC">
<createdBy>mauro</createdBy>
<createdTime>2021-08-23 12:17:06 UTC</createdTime>
<generatorID>3A375464-8960-4987-4DF1-BB29682CA966</generatorID>
<ownerDesignName>ATIVIDADE_FASE1_CAP_6_RM92268</ownerDesignName>
<useDomainConstraints>false</useDomainConstraints>
<use>1</use>
<logicalDatatype>LOGDT019</logicalDatatype>
<dataTypePrecision>3</dataTypePrecision>
<ownDataTypeParameters>,3,</ownDataTypeParameters>
<autoIncrementCycle>false</autoIncrementCycle>
</Column>
</columns>
<indexes itemClass="oracle.dbtools.crest.model.design.relational.Index">
<ind_PK_UK id="CAB428E9-8C62-95BB-B1FB-4F57D94A5107" name="T_TELEFONE_PK">
<createdBy>mauro</createdBy>
<createdTime>2021-08-23 12:17:06 UTC</createdTime>
<generatorID>121954F1-8DE6-1949-04BC-190F67AABF91</generatorID>
<ownerDesignName>ATIVIDADE_FASE1_CAP_6_RM92268</ownerDesignName>
<pk>true</pk>
<indexState>Primary Constraint</indexState>
<isSurrogateKey>false</isSurrogateKey>
<indexColumnUsage>
<colUsage columnID="1D7C43AF-938F-A4F1-2E5D-453D0377C116"/>
</indexColumnUsage>
</ind_PK_UK>
<ind_PK_UK id="FE52A0EE-499C-DBA1-5B74-94890F261F4F" name="TELE_TIPO_TELEFONE_FK">
<createdBy>mauro</createdBy>
<createdTime>2021-08-23 12:17:06 UTC</createdTime>
<generatorID>3A05BE9F-A761-D5F5-FD4A-A5E3FE0046CD</generatorID>
<ownerDesignName>ATIVIDADE_FASE1_CAP_6_RM92268</ownerDesignName>
<indexState>Foreign Key</indexState>
<isSurrogateKey>false</isSurrogateKey>
<indexColumnUsage>
<colUsage columnID="FA3918C6-088B-4D86-F5B9-2E253416258D"/>
</indexColumnUsage>
</ind_PK_UK>
<ind_PK_UK id="AD78B4EA-E779-CAF1-C333-EB1DD85FCC01" name="TELE_CLIENTE_FK">
<createdBy>mauro</createdBy>
<createdTime>2021-08-23 12:17:06 UTC</createdTime>
<generatorID>EDE4F80A-E6D5-B7DC-0F95-0CBDCDC47906</generatorID>
<ownerDesignName>ATIVIDADE_FASE1_CAP_6_RM92268</ownerDesignName>
<indexState>Foreign Key</indexState>
<isSurrogateKey>false</isSurrogateKey>
<indexColumnUsage>
<colUsage columnID="C239BA92-2F4C-781E-358A-5D620B526F1E"/>
</indexColumnUsage>
</ind_PK_UK>
</indexes>
</Table>