<?xml version = '1.0' encoding = 'UTF-8'?>
<Table class="oracle.dbtools.crest.model.design.relational.Table" directorySegmentName="seg_0" id="D576DDBC-9F6B-0133-9D61-A19FB98BFEEE" name="T_PIP_ENTREGADOR">
<createdBy>mauro</createdBy>
<createdTime>2021-08-23 12:17:05 UTC</createdTime>
<generatorID>F45DC71B-60DA-EAEC-DDE0-5E25E7CBD1DD</generatorID>
<ownerDesignName>ATIVIDADE_FASE1_CAP_6_RM92268</ownerDesignName>
<allowColumnReorder>false</allowColumnReorder>
<existDependencyGenerateInDDl>true</existDependencyGenerateInDDl>
<parsed>true</parsed>
<columns itemClass="oracle.dbtools.crest.model.design.relational.Column">
<Column name="cd_entregador" id="B475BBCD-B170-5F45-7030-3AF5A730BBFB">
<createdBy>mauro</createdBy>
<createdTime>2021-08-27 14:12:03 UTC</createdTime>
<generatorID>A894815A-61E5-CAF9-F3FD-CD5AD4580C7F</generatorID>
<ownerDesignName>ATIVIDADE_FASE1_CAP_6_RM92268</ownerDesignName>
<useDomainConstraints>false</useDomainConstraints>
<use>1</use>
<logicalDatatype>LOGDT019</logicalDatatype>
<ownDataTypeParameters>,,</ownDataTypeParameters>
<autoIncrementCycle>false</autoIncrementCycle>
</Column>
<Column name="ENTREGADOR_FK_cd_loja" id="54C2321E-E6DA-375A-10D4-FAFCB3ECC0D8">
<createdBy>mauro</createdBy>
<createdTime>2021-08-23 12:17:05 UTC</createdTime>
<generatorID>39E6E015-15B7-BA73-A04F-A3DFEFDEEDCB</generatorID>
<ownerDesignName>ATIVIDADE_FASE1_CAP_6_RM92268</ownerDesignName>
<useDomainConstraints>false</useDomainConstraints>
<use>1</use>
<logicalDatatype>LOGDT019</logicalDatatype>
<dataTypePrecision>2</dataTypePrecision>
<ownDataTypeParameters>,,</ownDataTypeParameters>
<previousColumn>false</previousColumn>
<autoIncrementCycle>false</autoIncrementCycle>
<associations>
<colAssociation fkAssociation="6F0C3D30-F4EB-C2A2-D5D0-616CA1FC14D2" referredColumn="441DEC0B-96F2-B00E-8326-23B91B134B2C"/>
</associations>
</Column>
<Column name="ENTREGADOR_FK_cd_fornecedor" id="D5FC087F-2025-9CFE-6837-DBE7EA5A20C1">
<createdBy>mauro</createdBy>
<createdTime>2021-08-23 12:17:05 UTC</createdTime>
<generatorID>AA9F80AF-AC03-FBC3-38EC-F3B25F6A3189</generatorID>
<ownerDesignName>ATIVIDADE_FASE1_CAP_6_RM92268</ownerDesignName>
<useDomainConstraints>false</useDomainConstraints>
<use>1</use>
<logicalDatatype>LOGDT019</logicalDatatype>
<dataTypePrecision>10</dataTypePrecision>
<ownDataTypeParameters>,,</ownDataTypeParameters>
<previousColumn>false</previousColumn>
<autoIncrementCycle>false</autoIncrementCycle>
<associations>
<colAssociation fkAssociation="D198BB2A-6057-E510-68AD-3FEA529428FE" referredColumn="33B88CA6-2A66-7261-187E-55A66E1F7812"/>
</associations>
</Column>
<Column name="nm_entregador" id="93D745C3-AE8D-B215-C911-2434F6AC66B6">
<createdBy>mauro</createdBy>
<createdTime>2021-08-23 12:17:05 UTC</createdTime>
<generatorID>DDB6BD08-2742-DB93-A192-6289FA70F210</generatorID>
<ownerDesignName>ATIVIDADE_FASE1_CAP_6_RM92268</ownerDesignName>
<useDomainConstraints>false</useDomainConstraints>
<use>1</use>
<logicalDatatype>LOGDT024</logicalDatatype>
<dataTypeSize>30</dataTypeSize>
<ownDataTypeParameters>30,,</ownDataTypeParameters>
<autoIncrementCycle>false</autoIncrementCycle>
</Column>
<Column name="dt_entrega" id="1EE5F075-7CA3-41B2-640C-556202009076">
<createdBy>mauro</createdBy>
<createdTime>2021-08-23 13:38:02 UTC</createdTime>
<generatorID>CC54E907-365E-1DB4-BB15-5CC61F687497</generatorID>
<ownerDesignName>ATIVIDADE_FASE1_CAP_6_RM92268</ownerDesignName>
<useDomainConstraints>false</useDomainConstraints>
<use>1</use>
<logicalDatatype>LOGDT007</logicalDatatype>
<ownDataTypeParameters>,,</ownDataTypeParameters>
<autoIncrementCycle>false</autoIncrementCycle>
</Column>
</columns>
<indexes itemClass="oracle.dbtools.crest.model.design.relational.Index">
<ind_PK_UK id="C42DAB7F-B229-D3A4-F51E-9A60ABBDF8A1" name="T_ENTREGADOR_PK">
<createdBy>mauro</createdBy>
<createdTime>2021-08-23 12:17:05 UTC</createdTime>
<generatorID>BE70AA1D-F7F7-DC65-7858-3FF48770F35B</generatorID>
<ownerDesignName>ATIVIDADE_FASE1_CAP_6_RM92268</ownerDesignName>
<pk>true</pk>
<indexState>Primary Constraint</indexState>
<isSurrogateKey>false</isSurrogateKey>
<indexColumnUsage>
<colUsage columnID="B475BBCD-B170-5F45-7030-3AF5A730BBFB"/>
</indexColumnUsage>
</ind_PK_UK>
<ind_PK_UK id="EA845FC5-E2A0-84A5-6FF5-D08928D9CEA3" name="ENTREGADOR_T_PIP_LOJA_FK">
<createdBy>mauro</createdBy>
<createdTime>2021-08-23 12:17:06 UTC</createdTime>
<generatorID>4E627174-B1F5-F7B8-E1AD-BE40CA88C54C</generatorID>
<ownerDesignName>ATIVIDADE_FASE1_CAP_6_RM92268</ownerDesignName>
<indexState>Foreign Key</indexState>
<isSurrogateKey>false</isSurrogateKey>
<indexColumnUsage>
<colUsage columnID="54C2321E-E6DA-375A-10D4-FAFCB3ECC0D8"/>
</indexColumnUsage>
</ind_PK_UK>
<ind_PK_UK id="AEAAED8E-7EA7-BF31-C75C-21BCCDC97A3D" name="ENTREGADOR_FORNECEDOR_FK">
<createdBy>mauro</createdBy>
<createdTime>2021-08-23 12:17:06 UTC</createdTime>
<generatorID>D8D7D113-ED83-A093-05C8-F1E7EE9165E4</generatorID>
<ownerDesignName>ATIVIDADE_FASE1_CAP_6_RM92268</ownerDesignName>
<indexState>Foreign Key</indexState>
<isSurrogateKey>false</isSurrogateKey>
<indexColumnUsage>
<colUsage columnID="D5FC087F-2025-9CFE-6837-DBE7EA5A20C1"/>
</indexColumnUsage>
</ind_PK_UK>
</indexes>
</Table>