<?xml version = '1.0' encoding = 'UTF-8'?>
<Table class="oracle.dbtools.crest.model.design.relational.Table" directorySegmentName="seg_0" id="EBE88B1B-2515-B2AD-2C3A-35EF97C77531" name="T_PIP_TRANSPORTADORA">
<createdBy>mauro</createdBy>
<createdTime>2021-08-23 12:17:06 UTC</createdTime>
<generatorID>1ABD4E38-7CF0-14E4-BBE8-09291D7A5B41</generatorID>
<ownerDesignName>ATIVIDADE_FASE1_CAP_6_RM92268</ownerDesignName>
<allowColumnReorder>false</allowColumnReorder>
<existDependencyGenerateInDDl>true</existDependencyGenerateInDDl>
<parsed>true</parsed>
<columns itemClass="oracle.dbtools.crest.model.design.relational.Column">
<Column name="cd_transportadora" id="669DED5A-B2CD-E9CE-41C6-0A3E65A51164">
<createdBy>mauro</createdBy>
<createdTime>2021-08-23 12:17:06 UTC</createdTime>
<generatorID>59516AFC-4EE7-3007-0AC3-710A183CD554</generatorID>
<ownerDesignName>ATIVIDADE_FASE1_CAP_6_RM92268</ownerDesignName>
<useDomainConstraints>false</useDomainConstraints>
<use>1</use>
<logicalDatatype>LOGDT019</logicalDatatype>
<dataTypePrecision>10</dataTypePrecision>
<ownDataTypeParameters>,10,</ownDataTypeParameters>
<autoIncrementCycle>false</autoIncrementCycle>
</Column>
<Column name="ds_razao_social" id="BB9272CA-FE10-C249-1517-86D2E39D5413">
<createdBy>mauro</createdBy>
<createdTime>2021-08-23 12:17:06 UTC</createdTime>
<generatorID>873EA08A-6089-7137-6D33-62F00FE3C8BF</generatorID>
<ownerDesignName>ATIVIDADE_FASE1_CAP_6_RM92268</ownerDesignName>
<useDomainConstraints>false</useDomainConstraints>
<use>1</use>
<logicalDatatype>LOGDT024</logicalDatatype>
<dataTypeSize>60</dataTypeSize>
<ownDataTypeParameters>60,,</ownDataTypeParameters>
<autoIncrementCycle>false</autoIncrementCycle>
</Column>
<Column name="nr_cnpj" id="FD086B77-EC52-6D49-CA40-3616A0217FAD">
<createdBy>mauro</createdBy>
<createdTime>2021-08-27 14:24:10 UTC</createdTime>
<ownerDesignName>ATIVIDADE_FASE1_CAP_6_RM92268</ownerDesignName>
<useDomainConstraints>false</useDomainConstraints>
<use>1</use>
<logicalDatatype>LOGDT019</logicalDatatype>
<dataTypePrecision>14</dataTypePrecision>
<ownDataTypeParameters>,14,</ownDataTypeParameters>
<autoIncrementCycle>false</autoIncrementCycle>
</Column>
</columns>
<indexes itemClass="oracle.dbtools.crest.model.design.relational.Index">
<ind_PK_UK id="E360C2A1-0958-77B8-C132-9BF9D72E17DC" name="T_TRANSPORTADORA_PK">
<createdBy>mauro</createdBy>
<createdTime>2021-08-23 12:17:06 UTC</createdTime>
<generatorID>EC3DD462-C75A-329A-98F7-ABD30BA40440</generatorID>
<ownerDesignName>ATIVIDADE_FASE1_CAP_6_RM92268</ownerDesignName>
<pk>true</pk>
<indexState>Primary Constraint</indexState>
<isSurrogateKey>false</isSurrogateKey>
<indexColumnUsage>
<colUsage columnID="669DED5A-B2CD-E9CE-41C6-0A3E65A51164"/>
</indexColumnUsage>
</ind_PK_UK>
<ind_PK_UK id="58B787FB-1E71-61F8-42D4-55D7DD8045AB" name="T_UN_TRANSPORTADORA__IDX">
<createdBy>mauro</createdBy>
<createdTime>2021-08-30 13:25:30 UTC</createdTime>
<ownerDesignName>ATIVIDADE_FASE1_CAP_6_RM92268</ownerDesignName>
<indexState>Unique Plain Index</indexState>
<isSurrogateKey>false</isSurrogateKey>
<indexColumnUsage>
<colUsage columnID="FD086B77-EC52-6D49-CA40-3616A0217FAD"/>
</indexColumnUsage>
</ind_PK_UK>
</indexes>
</Table>