<?xml version = '1.0' encoding = 'UTF-8'?>
<Table class="oracle.dbtools.crest.model.design.relational.Table" directorySegmentName="seg_0" id="EF18B0EB-D07B-1AA9-F8B4-E220A4ED0F44" name="T_PIP_COR">
<createdBy>mauro</createdBy>
<createdTime>2021-08-24 23:54:44 UTC</createdTime>
<generatorID>4E6D939F-05DF-BB77-928D-2D2FE0F1DD85</generatorID>
<ownerDesignName>ATIVIDADE_FASE1_CAP_6_RM92268</ownerDesignName>
<allowColumnReorder>false</allowColumnReorder>
<existDependencyGenerateInDDl>true</existDependencyGenerateInDDl>
<parsed>true</parsed>
<columns itemClass="oracle.dbtools.crest.model.design.relational.Column">
<Column name="cd_cor" id="8AF2E0FC-7D10-12B8-F7F9-7D4FAA69116E">
<createdBy>mauro</createdBy>
<createdTime>2021-08-24 23:54:44 UTC</createdTime>
<generatorID>3621A486-3D05-6D02-6C5A-0EBE38D5FEA7</generatorID>
<ownerDesignName>ATIVIDADE_FASE1_CAP_6_RM92268</ownerDesignName>
<useDomainConstraints>false</useDomainConstraints>
<use>1</use>
<logicalDatatype>LOGDT019</logicalDatatype>
<ownDataTypeParameters>,,</ownDataTypeParameters>
<autoIncrementCycle>false</autoIncrementCycle>
</Column>
<Column name="ds_cor" id="0EB4B424-860A-E8B7-C572-FADA455AAF4F">
<createdBy>mauro</createdBy>
<createdTime>2021-08-24 23:54:44 UTC</createdTime>
<generatorID>7DD4CA92-4272-4513-8C4D-7643CE6F6DE5</generatorID>
<ownerDesignName>ATIVIDADE_FASE1_CAP_6_RM92268</ownerDesignName>
<useDomainConstraints>false</useDomainConstraints>
<use>1</use>
<logicalDatatype>LOGDT024</logicalDatatype>
<dataTypeSize>30</dataTypeSize>
<ownDataTypeParameters>30,,</ownDataTypeParameters>
<autoIncrementCycle>false</autoIncrementCycle>
</Column>
</columns>
<indexes itemClass="oracle.dbtools.crest.model.design.relational.Index">
<ind_PK_UK id="8A51CD9D-096F-110B-3901-044D8C7DC99F" name="T_PIP_COR_PK">
<createdBy>mauro</createdBy>
<createdTime>2021-08-24 23:54:44 UTC</createdTime>
<generatorID>304DE28D-E1C0-811B-4D0E-DC74A654F0EE</generatorID>
<ownerDesignName>ATIVIDADE_FASE1_CAP_6_RM92268</ownerDesignName>
<pk>true</pk>
<indexState>Primary Constraint</indexState>
<isSurrogateKey>false</isSurrogateKey>
<indexColumnUsage>
<colUsage columnID="8AF2E0FC-7D10-12B8-F7F9-7D4FAA69116E"/>
</indexColumnUsage>
</ind_PK_UK>
</indexes>
</Table>