<?xml version = '1.0' encoding = 'UTF-8'?>
<Table class="oracle.dbtools.crest.model.design.relational.Table" directorySegmentName="seg_0" id="FBFDAECB-269D-69F3-1CE6-07C10C8712FD" name="T_PIP_CLIENTE">
<createdBy>mauro</createdBy>
<createdTime>2021-08-23 12:17:05 UTC</createdTime>
<generatorID>87795DF6-F8E8-8275-A633-4CDA1F78CE21</generatorID>
<ownerDesignName>ATIVIDADE_FASE1_CAP_6_RM92268</ownerDesignName>
<allowColumnReorder>false</allowColumnReorder>
<existDependencyGenerateInDDl>true</existDependencyGenerateInDDl>
<parsed>true</parsed>
<columns itemClass="oracle.dbtools.crest.model.design.relational.Column">
<Column name="cd_cliente" id="67C10E4F-2C8E-3A5E-4DBD-79A9B68DDCCC">
<createdBy>mauro</createdBy>
<createdTime>2021-08-23 12:17:05 UTC</createdTime>
<generatorID>527571DD-7CAF-54DF-0B7C-CE11C282BA95</generatorID>
<ownerDesignName>ATIVIDADE_FASE1_CAP_6_RM92268</ownerDesignName>
<useDomainConstraints>false</useDomainConstraints>
<use>1</use>
<logicalDatatype>LOGDT019</logicalDatatype>
<dataTypePrecision>10</dataTypePrecision>
<ownDataTypeParameters>,10,</ownDataTypeParameters>
<autoIncrementCycle>false</autoIncrementCycle>
</Column>
<Column name="TCLIENTE_FK_cd_tipo_cliente" id="3F0BEAA7-029A-8F9B-7720-5EEA211FF51C">
<createdBy>mauro</createdBy>
<createdTime>2021-08-24 01:21:59 UTC</createdTime>
<generatorID>6A4622FF-DBC7-D29B-E55F-8A2079DCC606</generatorID>
<ownerDesignName>ATIVIDADE_FASE1_CAP_6_RM92268</ownerDesignName>
<useDomainConstraints>false</useDomainConstraints>
<use>1</use>
<logicalDatatype>LOGDT019</logicalDatatype>
<dataTypePrecision>10</dataTypePrecision>
<ownDataTypeParameters>,,</ownDataTypeParameters>
<previousColumn>false</previousColumn>
<autoIncrementCycle>false</autoIncrementCycle>
<associations>
<colAssociation fkAssociation="71BB2B9C-F193-EB47-B6B6-3D03260E9F4E" referredColumn="74263E6D-C7C7-B0AD-FFDE-63066B9D629A"/>
</associations>
</Column>
<Column name="nm_cliente" id="B7924470-A81A-AB3F-48B4-2789374BCC57">
<createdBy>mauro</createdBy>
<createdTime>2021-08-23 12:17:05 UTC</createdTime>
<generatorID>68D6028F-973E-A85B-4287-129CF4EC0262</generatorID>
<ownerDesignName>ATIVIDADE_FASE1_CAP_6_RM92268</ownerDesignName>
<useDomainConstraints>false</useDomainConstraints>
<use>1</use>
<logicalDatatype>LOGDT024</logicalDatatype>
<dataTypeSize>60</dataTypeSize>
<ownDataTypeParameters>60,,</ownDataTypeParameters>
<autoIncrementCycle>false</autoIncrementCycle>
</Column>
<Column name="ds_email" id="D6EA5493-8761-3AEC-B456-E70CCB32729B">
<createdBy>mauro</createdBy>
<createdTime>2021-08-23 12:17:05 UTC</createdTime>
<generatorID>0C615CA8-C953-C83C-5173-B70F6FB668E9</generatorID>
<ownerDesignName>ATIVIDADE_FASE1_CAP_6_RM92268</ownerDesignName>
<nullsAllowed>true</nullsAllowed>
<useDomainConstraints>false</useDomainConstraints>
<use>1</use>
<logicalDatatype>LOGDT024</logicalDatatype>
<dataTypeSize>40</dataTypeSize>
<ownDataTypeParameters>40,,</ownDataTypeParameters>
<autoIncrementCycle>false</autoIncrementCycle>
</Column>
</columns>
<indexes itemClass="oracle.dbtools.crest.model.design.relational.Index">
<ind_PK_UK id="F0869CEC-F6B1-5A70-0B4E-10694D2749F2" name="T_CLIENTE_PK">
<createdBy>mauro</createdBy>
<createdTime>2021-08-23 12:17:05 UTC</createdTime>
<generatorID>1E5A14A6-1663-766F-EB1F-025A07241FE6</generatorID>
<ownerDesignName>ATIVIDADE_FASE1_CAP_6_RM92268</ownerDesignName>
<pk>true</pk>
<indexState>Primary Constraint</indexState>
<isSurrogateKey>false</isSurrogateKey>
<indexColumnUsage>
<colUsage columnID="67C10E4F-2C8E-3A5E-4DBD-79A9B68DDCCC"/>
</indexColumnUsage>
</ind_PK_UK>
<ind_PK_UK id="A78069C6-17DB-E4F2-7705-CD0838E78BFA" name="CLIENTE_TIPO_CLIENTE_FK">
<createdBy>mauro</createdBy>
<createdTime>2021-08-24 01:21:59 UTC</createdTime>
<generatorID>12F0581E-0A17-154F-15AB-A5F66107CE99</generatorID>
<ownerDesignName>ATIVIDADE_FASE1_CAP_6_RM92268</ownerDesignName>
<indexState>Foreign Key</indexState>
<isSurrogateKey>false</isSurrogateKey>
<indexColumnUsage>
<colUsage columnID="3F0BEAA7-029A-8F9B-7720-5EEA211FF51C"/>
</indexColumnUsage>
</ind_PK_UK>
</indexes>
</Table>