<?xml version = '1.0' encoding = 'UTF-8'?>
<FKIndexAssociation class="oracle.dbtools.crest.model.design.relational.FKIndexAssociation" directorySegmentName="seg_0" id="068A9BB4-F9C5-AE18-3455-7F8341316EA3" containerWithKeyObject="15A9FB9B-D2C0-81CB-42F5-F2702A10756C" localFKIndex="8AC9C8F8-C7AD-73E7-FD67-1740BA21EC67" name="PEDIDO_CLIENTE_FK">
<createdBy>mauro</createdBy>
<createdTime>2021-08-23 12:17:06 UTC</createdTime>
<generatorID>49EDA810-61C2-FD1B-4FF4-5372BA13090E</generatorID>
<ownerDesignName>ATIVIDADE_FASE1_CAP_6_RM92268</ownerDesignName>
<referredTableLongName>T_PIP_CLIENTE</referredTableLongName>
<deleteRule>NO ACTION</deleteRule>
<referredTableID>FBFDAECB-269D-69F3-1CE6-07C10C8712FD</referredTableID>
<keyObject>F0869CEC-F6B1-5A70-0B4E-10694D2749F2</keyObject>
<referredKeyID>F0869CEC-F6B1-5A70-0B4E-10694D2749F2</referredKeyID>
<mandatory>true</mandatory>
<refColNames>cd_cliente</refColNames>
<transferable>true</transferable>
<rely>false</rely>
<columnDependencyConstraintGenerateInDDL>true</columnDependencyConstraintGenerateInDDL>
</FKIndexAssociation>