<?xml version = '1.0' encoding = 'UTF-8'?>
<FKIndexAssociation class="oracle.dbtools.crest.model.design.relational.FKIndexAssociation" directorySegmentName="seg_0" id="1014D9A8-D375-41DB-BAD2-93ED7F2B1F28" containerWithKeyObject="6B061B17-CF95-A584-10E0-917FEDC10FC2" localFKIndex="E75CA666-8478-77FE-50FF-881A7A519E7F" name="CID_T_PIP_ESTADO_FK">
<createdBy>mauro</createdBy>
<createdTime>2021-08-23 12:17:06 UTC</createdTime>
<generatorID>1D899540-CEB6-DB6F-81D1-DF79126F70C5</generatorID>
<ownerDesignName>ATIVIDADE_FASE1_CAP_6_RM92268</ownerDesignName>
<referredTableLongName>T_PIP_ESTADO</referredTableLongName>
<deleteRule>NO ACTION</deleteRule>
<referredTableID>147833D9-E71E-5AE2-4ED8-99D8C1522058</referredTableID>
<keyObject>84EA0B2A-DAC6-AA30-566A-10C17732447A</keyObject>
<referredKeyID>84EA0B2A-DAC6-AA30-566A-10C17732447A</referredKeyID>
<mandatory>true</mandatory>
<refColNames>cd_estado</refColNames>
<transferable>true</transferable>
<rely>false</rely>
<columnDependencyConstraintGenerateInDDL>true</columnDependencyConstraintGenerateInDDL>
</FKIndexAssociation>