<?xml version = '1.0' encoding = 'UTF-8'?>
<FKIndexAssociation class="oracle.dbtools.crest.model.design.relational.FKIndexAssociation" directorySegmentName="seg_0" id="1CFFB921-9776-C3FC-E253-DA5BCF13785A" containerWithKeyObject="097E7A6D-33E6-7A7A-3058-DF936D672AC4" localFKIndex="69E18CEC-2666-9A01-19C7-4C14CBE020D7" name="SUP_FUNCIONARIO_FK">
<createdBy>mauro</createdBy>
<createdTime>2021-08-23 13:38:02 UTC</createdTime>
<generatorID>C91F9B8F-83A1-054D-B872-C4855234442D</generatorID>
<ownerDesignName>ATIVIDADE_FASE1_CAP_6_RM92268</ownerDesignName>
<referredTableLongName>T_PIP_FUNCIONARIO</referredTableLongName>
<arc>F5DB7764-4384-5A1E-F69C-B5DF90262AFA</arc>
<deleteRule>NO ACTION</deleteRule>
<referredTableID>77DEE9C8-314E-BE0F-5EF1-90649452E149</referredTableID>
<keyObject>75CB30FC-07DD-D6DA-97F4-A839AC774673</keyObject>
<referredKeyID>75CB30FC-07DD-D6DA-97F4-A839AC774673</referredKeyID>
<mandatory>true</mandatory>
<refColNames>cd_funcionario</refColNames>
<transferable>true</transferable>
<rely>false</rely>
<discriminatorValue>FUNC_FK_cod_tipo_func</discriminatorValue>
<columnDependencyConstraintGenerateInDDL>true</columnDependencyConstraintGenerateInDDL>
</FKIndexAssociation>