<?xml version = '1.0' encoding = 'UTF-8'?>
<FKIndexAssociation class="oracle.dbtools.crest.model.design.relational.FKIndexAssociation" directorySegmentName="seg_0" id="20234A80-5884-8374-30B8-08D92AF8B401" containerWithKeyObject="B811D789-CEC8-D8E0-7649-54C96C117CF6" localFKIndex="FE52A0EE-499C-DBA1-5B74-94890F261F4F" name="TELE_TIPO_TELEFONE_FK">
<createdBy>mauro</createdBy>
<createdTime>2021-08-23 12:17:06 UTC</createdTime>
<generatorID>3A05BE9F-A761-D5F5-FD4A-A5E3FE0046CD</generatorID>
<ownerDesignName>ATIVIDADE_FASE1_CAP_6_RM92268</ownerDesignName>
<referredTableLongName>T_PIP_TIPO_TELEFONE</referredTableLongName>
<deleteRule>NO ACTION</deleteRule>
<referredTableID>D40B5F98-25EF-4902-B84D-545836C3DA08</referredTableID>
<keyObject>D3A0273F-C427-5D84-D4D4-58249201EC7C</keyObject>
<referredKeyID>D3A0273F-C427-5D84-D4D4-58249201EC7C</referredKeyID>
<mandatory>true</mandatory>
<refColNames>cd_tipo_fone</refColNames>
<transferable>true</transferable>
<rely>false</rely>
<columnDependencyConstraintGenerateInDDL>true</columnDependencyConstraintGenerateInDDL>
</FKIndexAssociation>