<?xml version = '1.0' encoding = 'UTF-8'?>
<FKIndexAssociation class="oracle.dbtools.crest.model.design.relational.FKIndexAssociation" directorySegmentName="seg_0" id="2E773D3B-BC43-53B7-E478-E13BCA92F8C9" containerWithKeyObject="33CC0E50-48B2-2242-54F0-3495308DDDFB" localFKIndex="998C5FD2-563D-9F3E-8432-428415087490" name="T_PIP_ESTOQUE_T_PIP_PRODUTO_FK">
<createdBy>mauro</createdBy>
<createdTime>2021-08-23 12:17:06 UTC</createdTime>
<generatorID>3E0D3C1A-D3E8-B98D-5802-C6C89AB635BB</generatorID>
<ownerDesignName>ATIVIDADE_FASE1_CAP_6_RM92268</ownerDesignName>
<referredTableLongName>T_PIP_PRODUTO</referredTableLongName>
<deleteRule>NO ACTION</deleteRule>
<referredTableID>7E678B9B-363F-A967-090B-9BEAC40E554A</referredTableID>
<keyObject>B96D6868-3597-2CBD-5FDD-D9178CDC580C</keyObject>
<referredKeyID>B96D6868-3597-2CBD-5FDD-D9178CDC580C</referredKeyID>
<mandatory>false</mandatory>
<refColNames>cd_produto</refColNames>
<transferable>true</transferable>
<rely>false</rely>
<columnDependencyConstraintGenerateInDDL>true</columnDependencyConstraintGenerateInDDL>
</FKIndexAssociation>