<?xml version = '1.0' encoding = 'UTF-8'?>
<FKIndexAssociation class="oracle.dbtools.crest.model.design.relational.FKIndexAssociation" directorySegmentName="seg_0" id="3EF2947F-694D-B506-3B23-6655B3649EB3" containerWithKeyObject="77DEE9C8-314E-BE0F-5EF1-90649452E149" localFKIndex="92E1F4B0-D0DB-1F43-9823-B4DCDE885640" name="FUNC_TIPO_FUNC_FK">
<createdBy>mauro</createdBy>
<createdTime>2021-08-31 13:51:29 UTC</createdTime>
<ownerDesignName>ATIVIDADE_FASE1_CAP_6_RM92268</ownerDesignName>
<referredTableLongName>T_PIP_TIPO_FUNC</referredTableLongName>
<deleteRule>NO ACTION</deleteRule>
<referredTableID>2CE8C000-2A94-0CDF-D911-8158F9089D35</referredTableID>
<keyObject>60B6419D-A901-3AE7-39A1-19371195113A</keyObject>
<referredKeyID>60B6419D-A901-3AE7-39A1-19371195113A</referredKeyID>
<mandatory>true</mandatory>
<refColNames>cd_tipo_func</refColNames>
<transferable>true</transferable>
<rely>false</rely>
<columnDependencyConstraintGenerateInDDL>true</columnDependencyConstraintGenerateInDDL>
</FKIndexAssociation>