<?xml version = '1.0' encoding = 'UTF-8'?>
<FKIndexAssociation class="oracle.dbtools.crest.model.design.relational.FKIndexAssociation" directorySegmentName="seg_0" id="40D0B4D4-0791-2FD4-4D4B-C89E505E6E90" containerWithKeyObject="43D53DD4-F929-40C4-F759-50F8909919BD" localFKIndex="0AAEA6EC-9E8F-FCC4-854F-A4BFD584ED9F" name="BAIRRO_T_PIP_CIDADE_FK">
<createdBy>mauro</createdBy>
<createdTime>2021-08-23 12:17:06 UTC</createdTime>
<generatorID>D007927B-3F0E-153B-9AEB-E66639E391B2</generatorID>
<ownerDesignName>ATIVIDADE_FASE1_CAP_6_RM92268</ownerDesignName>
<referredTableLongName>T_PIP_CIDADE</referredTableLongName>
<deleteRule>NO ACTION</deleteRule>
<referredTableID>6B061B17-CF95-A584-10E0-917FEDC10FC2</referredTableID>
<keyObject>79753724-92C1-06B0-FE99-23F95E081B56</keyObject>
<referredKeyID>79753724-92C1-06B0-FE99-23F95E081B56</referredKeyID>
<mandatory>true</mandatory>
<refColNames>cd_cidade</refColNames>
<transferable>true</transferable>
<rely>false</rely>
<columnDependencyConstraintGenerateInDDL>true</columnDependencyConstraintGenerateInDDL>
</FKIndexAssociation>