<?xml version = '1.0' encoding = 'UTF-8'?>
<FKIndexAssociation class="oracle.dbtools.crest.model.design.relational.FKIndexAssociation" directorySegmentName="seg_0" id="5238A582-44FD-31A5-2896-B450EB0CD607" containerWithKeyObject="15A9FB9B-D2C0-81CB-42F5-F2702A10756C" localFKIndex="4B8630D8-3B31-2566-0F83-7BAA355A092C" name="PEDIDO_NOTA_FISCAL_FK">
<createdBy>mauro</createdBy>
<createdTime>2021-08-23 12:17:06 UTC</createdTime>
<generatorID>BCD63573-477F-551D-6EBF-B816BBE699C6</generatorID>
<ownerDesignName>ATIVIDADE_FASE1_CAP_6_RM92268</ownerDesignName>
<referredTableLongName>T_PIP_NOTA_FISCAL</referredTableLongName>
<deleteRule>NO ACTION</deleteRule>
<referredTableID>8E205F66-EF7D-55B3-4364-33339EF87BE8</referredTableID>
<keyObject>F1B212CF-B946-C562-BE7C-163CAF195D7B</keyObject>
<referredKeyID>F1B212CF-B946-C562-BE7C-163CAF195D7B</referredKeyID>
<mandatory>true</mandatory>
<refColNames>cd_nota_fiscal</refColNames>
<transferable>true</transferable>
<rely>false</rely>
<columnDependencyConstraintGenerateInDDL>true</columnDependencyConstraintGenerateInDDL>
</FKIndexAssociation>