<?xml version = '1.0' encoding = 'UTF-8'?>
<FKIndexAssociation class="oracle.dbtools.crest.model.design.relational.FKIndexAssociation" directorySegmentName="seg_0" id="6203BD01-7A0C-9F32-43EE-14BCC02D9FDA" containerWithKeyObject="C0CCEE45-9321-08F0-0EA8-8261C95C6794" localFKIndex="66FEDFB4-340B-F70A-64CD-483BF73A5213" name="ENDEREÇO_T_PIP_BAIRRO_FK">
<createdBy>mauro</createdBy>
<createdTime>2021-08-23 12:17:06 UTC</createdTime>
<generatorID>1E0BD0D9-7A84-2103-8CCD-75C4E6B90254</generatorID>
<ownerDesignName>ATIVIDADE_FASE1_CAP_6_RM92268</ownerDesignName>
<referredTableLongName>T_PIP_BAIRRO</referredTableLongName>
<deleteRule>NO ACTION</deleteRule>
<referredTableID>43D53DD4-F929-40C4-F759-50F8909919BD</referredTableID>
<keyObject>C543FA2B-A5E3-6E78-25F9-858B57103A96</keyObject>
<referredKeyID>C543FA2B-A5E3-6E78-25F9-858B57103A96</referredKeyID>
<mandatory>true</mandatory>
<refColNames>cd_bairro</refColNames>
<transferable>true</transferable>
<rely>false</rely>
<columnDependencyConstraintGenerateInDDL>true</columnDependencyConstraintGenerateInDDL>
</FKIndexAssociation>