<?xml version = '1.0' encoding = 'UTF-8'?>
<FKIndexAssociation class="oracle.dbtools.crest.model.design.relational.FKIndexAssociation" directorySegmentName="seg_0" id="6F0C3D30-F4EB-C2A2-D5D0-616CA1FC14D2" containerWithKeyObject="D576DDBC-9F6B-0133-9D61-A19FB98BFEEE" localFKIndex="EA845FC5-E2A0-84A5-6FF5-D08928D9CEA3" name="ENTREGADOR_T_PIP_LOJA_FK">
<createdBy>mauro</createdBy>
<createdTime>2021-08-23 12:17:06 UTC</createdTime>
<generatorID>4E627174-B1F5-F7B8-E1AD-BE40CA88C54C</generatorID>
<ownerDesignName>ATIVIDADE_FASE1_CAP_6_RM92268</ownerDesignName>
<referredTableLongName>T_PIP_LOJA</referredTableLongName>
<deleteRule>NO ACTION</deleteRule>
<referredTableID>4334F86E-EFD3-FD78-1EAB-9DFE4021DA7E</referredTableID>
<keyObject>F693A5A6-5BC5-64C3-6A0B-7AD994C9AFC7</keyObject>
<referredKeyID>F693A5A6-5BC5-64C3-6A0B-7AD994C9AFC7</referredKeyID>
<mandatory>true</mandatory>
<refColNames>cd_loja</refColNames>
<transferable>true</transferable>
<rely>false</rely>
<columnDependencyConstraintGenerateInDDL>true</columnDependencyConstraintGenerateInDDL>
</FKIndexAssociation>