<?xml version = '1.0' encoding = 'UTF-8'?>
<FKIndexAssociation class="oracle.dbtools.crest.model.design.relational.FKIndexAssociation" directorySegmentName="seg_0" id="6F6AA94D-4C3F-9799-98E2-256BCD4CB222" containerWithKeyObject="8E205F66-EF7D-55B3-4364-33339EF87BE8" localFKIndex="F1B6B489-A040-1E43-2D4F-C38597ED9768" name="NOTA_FISCAL_TRANSPORT_FK">
<createdBy>mauro</createdBy>
<createdTime>2021-08-23 12:17:06 UTC</createdTime>
<generatorID>E6650F6E-73BA-B9E3-3B11-5D1B03ED527F</generatorID>
<ownerDesignName>ATIVIDADE_FASE1_CAP_6_RM92268</ownerDesignName>
<referredTableLongName>T_PIP_TRANSPORTADORA</referredTableLongName>
<deleteRule>NO ACTION</deleteRule>
<referredTableID>EBE88B1B-2515-B2AD-2C3A-35EF97C77531</referredTableID>
<keyObject>E360C2A1-0958-77B8-C132-9BF9D72E17DC</keyObject>
<referredKeyID>E360C2A1-0958-77B8-C132-9BF9D72E17DC</referredKeyID>
<mandatory>true</mandatory>
<refColNames>cd_transportadora</refColNames>
<transferable>true</transferable>
<rely>false</rely>
<columnDependencyConstraintGenerateInDDL>true</columnDependencyConstraintGenerateInDDL>
</FKIndexAssociation>