<?xml version = '1.0' encoding = 'UTF-8'?>
<FKIndexAssociation class="oracle.dbtools.crest.model.design.relational.FKIndexAssociation" directorySegmentName="seg_0" id="71BB2B9C-F193-EB47-B6B6-3D03260E9F4E" containerWithKeyObject="FBFDAECB-269D-69F3-1CE6-07C10C8712FD" localFKIndex="A78069C6-17DB-E4F2-7705-CD0838E78BFA" name="CLIENTE_TIPO_CLIENTE_FK">
<createdBy>mauro</createdBy>
<createdTime>2021-08-24 01:21:59 UTC</createdTime>
<generatorID>12F0581E-0A17-154F-15AB-A5F66107CE99</generatorID>
<ownerDesignName>ATIVIDADE_FASE1_CAP_6_RM92268</ownerDesignName>
<referredTableLongName>T_PIP_TIPO_CLIENTE</referredTableLongName>
<deleteRule>NO ACTION</deleteRule>
<referredTableID>50C1596A-3574-C212-D70A-515965DF41F9</referredTableID>
<keyObject>3C6B33CF-EA44-46A9-DF34-40B423AA983E</keyObject>
<referredKeyID>3C6B33CF-EA44-46A9-DF34-40B423AA983E</referredKeyID>
<mandatory>true</mandatory>
<refColNames>cd_tipo_cliente</refColNames>
<transferable>true</transferable>
<rely>false</rely>
<columnDependencyConstraintGenerateInDDL>true</columnDependencyConstraintGenerateInDDL>
</FKIndexAssociation>