<?xml version = '1.0' encoding = 'UTF-8'?>
<FKIndexAssociation class="oracle.dbtools.crest.model.design.relational.FKIndexAssociation" directorySegmentName="seg_0" id="743FB39C-F40F-BED4-5EF9-57638076DE08" containerWithKeyObject="7E678B9B-363F-A967-090B-9BEAC40E554A" localFKIndex="19D18364-7B2A-6D0F-8BC3-2A808288A4A1" name="PROD_CATEGORIA_PRODUTO_FK">
<createdBy>mauro</createdBy>
<createdTime>2021-08-24 01:21:59 UTC</createdTime>
<generatorID>BE7375E7-FECA-08FB-1B57-A1629F1FDDEB</generatorID>
<ownerDesignName>ATIVIDADE_FASE1_CAP_6_RM92268</ownerDesignName>
<referredTableLongName>T_PIP_CATEGORIA_PRODUTO</referredTableLongName>
<deleteRule>NO ACTION</deleteRule>
<referredTableID>254013FE-4CCA-5A79-693C-ACABBA9297F4</referredTableID>
<keyObject>202A4CEC-8AFD-70AD-D539-0769CD368788</keyObject>
<referredKeyID>202A4CEC-8AFD-70AD-D539-0769CD368788</referredKeyID>
<mandatory>true</mandatory>
<refColNames>cd_categoria_prod</refColNames>
<transferable>true</transferable>
<rely>false</rely>
<columnDependencyConstraintGenerateInDDL>true</columnDependencyConstraintGenerateInDDL>
</FKIndexAssociation>