<?xml version = '1.0' encoding = 'UTF-8'?>
<FKIndexAssociation class="oracle.dbtools.crest.model.design.relational.FKIndexAssociation" directorySegmentName="seg_0" id="89E7049F-B595-6045-B964-A557C40588B1" containerWithKeyObject="0E82624B-44D3-73A1-BD32-4BFFB4A6F387" localFKIndex="6A0F563D-08A6-34EF-9D15-E0E394D64BC0" name="PED_PRODUTO_PRODUTO_FK">
<createdBy>mauro</createdBy>
<createdTime>2021-08-23 12:17:06 UTC</createdTime>
<generatorID>D23403BE-47AE-C004-1452-884D0F37D6B5</generatorID>
<ownerDesignName>ATIVIDADE_FASE1_CAP_6_RM92268</ownerDesignName>
<referredTableLongName>T_PIP_PRODUTO</referredTableLongName>
<deleteRule>NO ACTION</deleteRule>
<referredTableID>7E678B9B-363F-A967-090B-9BEAC40E554A</referredTableID>
<keyObject>B96D6868-3597-2CBD-5FDD-D9178CDC580C</keyObject>
<referredKeyID>B96D6868-3597-2CBD-5FDD-D9178CDC580C</referredKeyID>
<mandatory>true</mandatory>
<refColNames>cd_produto</refColNames>
<transferable>true</transferable>
<rely>false</rely>
<columnDependencyConstraintGenerateInDDL>true</columnDependencyConstraintGenerateInDDL>
</FKIndexAssociation>