<?xml version = '1.0' encoding = 'UTF-8'?>
<FKIndexAssociation class="oracle.dbtools.crest.model.design.relational.FKIndexAssociation" directorySegmentName="seg_0" id="C421E176-521D-42E5-4C7C-0B3688CFBC41" containerWithKeyObject="7E678B9B-363F-A967-090B-9BEAC40E554A" localFKIndex="C2622881-F381-0DF4-69B4-49E803B5A8E2" name="PROD_MARCA_FK">
<createdBy>mauro</createdBy>
<createdTime>2021-08-23 12:17:06 UTC</createdTime>
<generatorID>EB4F6D9E-7E0B-2435-CF70-7F715FE786DA</generatorID>
<ownerDesignName>ATIVIDADE_FASE1_CAP_6_RM92268</ownerDesignName>
<referredTableLongName>T_PIP_MARCA</referredTableLongName>
<deleteRule>NO ACTION</deleteRule>
<referredTableID>F4442458-C11F-B324-DE83-194249B21A4C</referredTableID>
<keyObject>80D489EA-9112-18DD-F2BA-0F01BB413028</keyObject>
<referredKeyID>80D489EA-9112-18DD-F2BA-0F01BB413028</referredKeyID>
<mandatory>true</mandatory>
<refColNames>cd_marca</refColNames>
<transferable>true</transferable>
<rely>false</rely>
<columnDependencyConstraintGenerateInDDL>true</columnDependencyConstraintGenerateInDDL>
</FKIndexAssociation>