<?xml version = '1.0' encoding = 'UTF-8'?>
<FKIndexAssociation class="oracle.dbtools.crest.model.design.relational.FKIndexAssociation" directorySegmentName="seg_0" id="D121962D-2FFC-D09D-A7ED-C70CE52042A1" containerWithKeyObject="C0CCEE45-9321-08F0-0EA8-8261C95C6794" localFKIndex="B9713E74-B159-961E-C42C-16668183F893" name="END_T_PIP_TIPO_LOGRAD_FK">
<createdBy>mauro</createdBy>
<createdTime>2021-08-23 12:17:06 UTC</createdTime>
<generatorID>2CE5F0D0-6944-100C-2A21-6CDC38912582</generatorID>
<ownerDesignName>ATIVIDADE_FASE1_CAP_6_RM92268</ownerDesignName>
<referredTableLongName>T_PIP_TIPO_LOGRADOURO</referredTableLongName>
<deleteRule>NO ACTION</deleteRule>
<referredTableID>D6123834-FB29-D5C0-A609-E56C9EBB6887</referredTableID>
<keyObject>76328617-CE53-579D-E21A-D861C267E33A</keyObject>
<referredKeyID>76328617-CE53-579D-E21A-D861C267E33A</referredKeyID>
<mandatory>true</mandatory>
<refColNames>cd_tipo_logradouro</refColNames>
<transferable>true</transferable>
<rely>false</rely>
<columnDependencyConstraintGenerateInDDL>true</columnDependencyConstraintGenerateInDDL>
</FKIndexAssociation>