<?xml version = '1.0' encoding = 'UTF-8'?>
<FKIndexAssociation class="oracle.dbtools.crest.model.design.relational.FKIndexAssociation" directorySegmentName="seg_0" id="D1903A35-DE76-25D3-EE22-64FCC6B95BDD" containerWithKeyObject="7E678B9B-363F-A967-090B-9BEAC40E554A" localFKIndex="41C4CF95-9B82-0AE5-B2C9-10684E0F2118" name="PROD_COR_FK">
<createdBy>mauro</createdBy>
<createdTime>2021-08-24 23:54:44 UTC</createdTime>
<generatorID>E0AACDA8-042C-AD4C-5437-D8F8A1A3596D</generatorID>
<ownerDesignName>ATIVIDADE_FASE1_CAP_6_RM92268</ownerDesignName>
<referredTableLongName>T_PIP_COR</referredTableLongName>
<deleteRule>NO ACTION</deleteRule>
<referredTableID>EF18B0EB-D07B-1AA9-F8B4-E220A4ED0F44</referredTableID>
<keyObject>8A51CD9D-096F-110B-3901-044D8C7DC99F</keyObject>
<referredKeyID>8A51CD9D-096F-110B-3901-044D8C7DC99F</referredKeyID>
<mandatory>true</mandatory>
<refColNames>cd_cor</refColNames>
<transferable>true</transferable>
<rely>false</rely>
<columnDependencyConstraintGenerateInDDL>true</columnDependencyConstraintGenerateInDDL>
</FKIndexAssociation>