<?xml version = '1.0' encoding = 'UTF-8'?>
<FKIndexAssociation class="oracle.dbtools.crest.model.design.relational.FKIndexAssociation" directorySegmentName="seg_0" id="DC28F6EC-4C76-5FA0-E783-97F5EDAC4F94" containerWithKeyObject="0E82624B-44D3-73A1-BD32-4BFFB4A6F387" localFKIndex="6326F46D-1B09-5944-DB93-9128FEF0C0F2" name="PED_PRODUTO_PEDIDO_FK">
<createdBy>mauro</createdBy>
<createdTime>2021-08-25 00:24:49 UTC</createdTime>
<generatorID>7AD83696-7B3C-57A2-889C-6B94AF7E666D</generatorID>
<ownerDesignName>ATIVIDADE_FASE1_CAP_6_RM92268</ownerDesignName>
<referredTableLongName>T_PIP_PEDIDO</referredTableLongName>
<deleteRule>NO ACTION</deleteRule>
<referredTableID>15A9FB9B-D2C0-81CB-42F5-F2702A10756C</referredTableID>
<keyObject>F1157FBF-191F-7328-0806-A1D8066EE567</keyObject>
<referredKeyID>F1157FBF-191F-7328-0806-A1D8066EE567</referredKeyID>
<mandatory>true</mandatory>
<refColNames>cd_pedido</refColNames>
<transferable>true</transferable>
<rely>false</rely>
<columnDependencyConstraintGenerateInDDL>true</columnDependencyConstraintGenerateInDDL>
</FKIndexAssociation>