<?xml version = '1.0' encoding = 'UTF-8'?>
<FKIndexAssociation class="oracle.dbtools.crest.model.design.relational.FKIndexAssociation" directorySegmentName="seg_0" id="DCF4E9CE-5406-CD41-D2BF-347539667C47" containerWithKeyObject="7E678B9B-363F-A967-090B-9BEAC40E554A" localFKIndex="D24C4C04-1593-2ADA-5C20-0841D6D5A898" name="PRODUTO_T_PEDIDO_FK">
<createdBy>mauro</createdBy>
<createdTime>2021-08-23 12:17:06 UTC</createdTime>
<generatorID>3A059FC9-A965-8762-385D-8773092A82EC</generatorID>
<ownerDesignName>ATIVIDADE_FASE1_CAP_6_RM92268</ownerDesignName>
<referredTableLongName>T_PIP_PEDIDO</referredTableLongName>
<deleteRule>NO ACTION</deleteRule>
<referredTableID>15A9FB9B-D2C0-81CB-42F5-F2702A10756C</referredTableID>
<keyObject>F1157FBF-191F-7328-0806-A1D8066EE567</keyObject>
<referredKeyID>F1157FBF-191F-7328-0806-A1D8066EE567</referredKeyID>
<mandatory>false</mandatory>
<refColNames>cd_pedido</refColNames>
<transferable>true</transferable>
<rely>false</rely>
<columnDependencyConstraintGenerateInDDL>true</columnDependencyConstraintGenerateInDDL>
</FKIndexAssociation>