<?xml version = '1.0' encoding = 'UTF-8'?>
<FKIndexAssociation class="oracle.dbtools.crest.model.design.relational.FKIndexAssociation" directorySegmentName="seg_0" id="EDAAF078-8037-9DF6-1315-ECA6F62BB8A9" containerWithKeyObject="15A9FB9B-D2C0-81CB-42F5-F2702A10756C" localFKIndex="32D39C84-F586-3088-FCE0-333628666E04" name="PEDIDO_VENDEDOR_FK">
<createdBy>mauro</createdBy>
<createdTime>2021-08-23 12:17:06 UTC</createdTime>
<generatorID>653D9C50-C233-5394-A1BD-56E914C5D774</generatorID>
<ownerDesignName>ATIVIDADE_FASE1_CAP_6_RM92268</ownerDesignName>
<referredTableLongName>T_PIP_VENDEDOR</referredTableLongName>
<deleteRule>NO ACTION</deleteRule>
<referredTableID>074EDC7B-9309-C7AC-E990-3039A500026B</referredTableID>
<keyObject>38B09046-DC18-08E6-E454-7C6CE0B693BC</keyObject>
<referredKeyID>38B09046-DC18-08E6-E454-7C6CE0B693BC</referredKeyID>
<mandatory>true</mandatory>
<refColNames>VENDEDOR_FK_cd_funcionario</refColNames>
<transferable>true</transferable>
<rely>false</rely>
<columnDependencyConstraintGenerateInDDL>true</columnDependencyConstraintGenerateInDDL>
</FKIndexAssociation>