<?xml version = '1.0' encoding = 'UTF-8'?>
<FKIndexAssociation class="oracle.dbtools.crest.model.design.relational.FKIndexAssociation" directorySegmentName="seg_0" id="F5E43DA2-450C-91B2-CEE5-7FD504491310" containerWithKeyObject="B811D789-CEC8-D8E0-7649-54C96C117CF6" localFKIndex="AD78B4EA-E779-CAF1-C333-EB1DD85FCC01" name="TELE_CLIENTE_FK">
<createdBy>mauro</createdBy>
<createdTime>2021-08-23 12:17:06 UTC</createdTime>
<generatorID>EDE4F80A-E6D5-B7DC-0F95-0CBDCDC47906</generatorID>
<ownerDesignName>ATIVIDADE_FASE1_CAP_6_RM92268</ownerDesignName>
<referredTableLongName>T_PIP_CLIENTE</referredTableLongName>
<deleteRule>NO ACTION</deleteRule>
<referredTableID>FBFDAECB-269D-69F3-1CE6-07C10C8712FD</referredTableID>
<keyObject>F0869CEC-F6B1-5A70-0B4E-10694D2749F2</keyObject>
<referredKeyID>F0869CEC-F6B1-5A70-0B4E-10694D2749F2</referredKeyID>
<mandatory>true</mandatory>
<refColNames>cd_cliente</refColNames>
<transferable>true</transferable>
<rely>false</rely>
<columnDependencyConstraintGenerateInDDL>true</columnDependencyConstraintGenerateInDDL>
</FKIndexAssociation>