<?xml version = '1.0' encoding = 'UTF-8'?>
<Relation class="oracle.dbtools.crest.model.design.logical.Relation" name="TERv7" directorySegmentName="seg_0" id="1D899540-CEB6-DB6F-81D1-DF79126F70C5">
<createdBy>mauro</createdBy>
<createdTime>2021-08-21 14:11:46 UTC</createdTime>
<ownerDesignName>ATIVIDADE</ownerDesignName>
<engineerTo>
<item key="0A47ACCB-0680-BE80-AB34-B113F06A75AC" value="true"/>
</engineerTo>
<sourcePk>FC00C6B0-6206-43B2-1A25-18282A4E82F8</sourcePk>
<identifying>false</identifying>
<optionalSource>true</optionalSource>
<optionalTarget>false</optionalTarget>
<sourceCardinality>1</sourceCardinality>
<sourceEntity>EA1AEB07-FC1D-897D-7925-199ADA7C70D7</sourceEntity>
<targetCardinalityString>*</targetCardinalityString>
<targetEntity>833BAF1B-0878-097E-15DC-5A70EBE05FDB</targetEntity>
<transferable>true</transferable>
<deleteRule>NO ACTION</deleteRule>
</Relation>