<?xml version = '1.0' encoding = 'UTF-8'?>
<Relation class="oracle.dbtools.crest.model.design.logical.Relation" name="TERv4" directorySegmentName="seg_0" id="1E0BD0D9-7A84-2103-8CCD-75C4E6B90254">
<createdBy>mauro</createdBy>
<createdTime>2021-08-21 14:01:25 UTC</createdTime>
<ownerDesignName>ATIVIDADE</ownerDesignName>
<engineerTo>
<item key="0A47ACCB-0680-BE80-AB34-B113F06A75AC" value="true"/>
</engineerTo>
<sourcePk>AB96839A-7949-24CB-7BA5-349768DB1264</sourcePk>
<identifying>false</identifying>
<optionalSource>true</optionalSource>
<optionalTarget>false</optionalTarget>
<sourceCardinality>1</sourceCardinality>
<sourceEntity>316BDD00-D8AD-131B-607A-3C4D941CE6B7</sourceEntity>
<targetCardinalityString>*</targetCardinalityString>
<targetEntity>E9684A37-F481-0DBA-4A7D-3D70E8C7754F</targetEntity>
<transferable>true</transferable>
<deleteRule>NO ACTION</deleteRule>
</Relation>