<?xml version = '1.0' encoding = 'UTF-8'?>
<Relation class="oracle.dbtools.crest.model.design.logical.Relation" name="TERv3" directorySegmentName="seg_0" id="2CE5F0D0-6944-100C-2A21-6CDC38912582">
<createdBy>mauro</createdBy>
<createdTime>2021-08-21 14:01:08 UTC</createdTime>
<ownerDesignName>ATIVIDADE</ownerDesignName>
<engineerTo>
<item key="0A47ACCB-0680-BE80-AB34-B113F06A75AC" value="true"/>
</engineerTo>
<sourcePk>CED4877B-D968-7A99-71F0-74D0498653F0</sourcePk>
<identifying>false</identifying>
<optionalSource>true</optionalSource>
<optionalTarget>false</optionalTarget>
<sourceCardinality>1</sourceCardinality>
<sourceEntity>30FED2F9-2951-DB0C-EF7D-6AB11251E541</sourceEntity>
<targetCardinalityString>*</targetCardinalityString>
<targetEntity>E9684A37-F481-0DBA-4A7D-3D70E8C7754F</targetEntity>
<transferable>true</transferable>
<deleteRule>NO ACTION</deleteRule>
</Relation>