<?xml version = '1.0' encoding = 'UTF-8'?>
<Relation class="oracle.dbtools.crest.model.design.logical.Relation" name="VERIFICAR" directorySegmentName="seg_0" id="357C8034-29F3-1A75-7C9E-6A622F9A3788">
<createdBy>mauro</createdBy>
<createdTime>2021-08-21 15:21:27 UTC</createdTime>
<ownerDesignName>ATIVIDADE_FASE1_CAP_6_RM92268</ownerDesignName>
<engineerTo>
<item key="0A47ACCB-0680-BE80-AB34-B113F06A75AC" value="true"/>
</engineerTo>
<sourcePk>1A9E8D40-5CE2-6891-287C-E3225B8475B6</sourcePk>
<targetPk>6B43C13D-D53E-E3AF-5B22-73324A55AE67</targetPk>
<identifying>false</identifying>
<optionalSource>false</optionalSource>
<optionalTarget>false</optionalTarget>
<sourceCardinality>1</sourceCardinality>
<sourceEntity>74912FF0-E178-38D1-8C60-43EA8298E1AA</sourceEntity>
<targetCardinalityString>1</targetCardinalityString>
<targetEntity>92B2C759-6E0D-278B-A50D-A8E447BA5929</targetEntity>
<transferable>true</transferable>
<deleteRule>NO ACTION</deleteRule>
</Relation>