<?xml version = '1.0' encoding = 'UTF-8'?>
<Relation class="oracle.dbtools.crest.model.design.logical.Relation" name="consulta" directorySegmentName="seg_0" id="3E0D3C1A-D3E8-B98D-5802-C6C89AB635BB">
<createdBy>mauro</createdBy>
<createdTime>2021-08-21 15:12:43 UTC</createdTime>
<ownerDesignName>ATIVIDADE</ownerDesignName>
<engineerTo>
<item key="0A47ACCB-0680-BE80-AB34-B113F06A75AC" value="true"/>
</engineerTo>
<sourcePk>211E4D7C-DD54-5047-5FF9-562CA707D056</sourcePk>
<identifying>false</identifying>
<optionalSource>true</optionalSource>
<optionalTarget>true</optionalTarget>
<sourceCardinality>1</sourceCardinality>
<sourceEntity>548DD084-B679-643E-6B2D-55EC2EBC170A</sourceEntity>
<targetCardinalityString>*</targetCardinalityString>
<targetEntity>92B2C759-6E0D-278B-A50D-A8E447BA5929</targetEntity>
<transferable>true</transferable>
<deleteRule>NO ACTION</deleteRule>
</Relation>