<?xml version = '1.0' encoding = 'UTF-8'?>
<Relation class="oracle.dbtools.crest.model.design.logical.Relation" name="TERv2" directorySegmentName="seg_0" id="6CC42B81-E946-0016-0CFF-3F95F3CA17EE">
<createdBy>mauro</createdBy>
<createdTime>2021-08-21 13:59:07 UTC</createdTime>
<ownerDesignName>ATIVIDADE</ownerDesignName>
<engineerTo>
<item key="0A47ACCB-0680-BE80-AB34-B113F06A75AC" value="true"/>
</engineerTo>
<sourcePk>66D73A1C-392E-7DA8-2477-F8769C63C3AE</sourcePk>
<identifying>true</identifying>
<optionalSource>true</optionalSource>
<optionalTarget>false</optionalTarget>
<sourceCardinality>1</sourceCardinality>
<sourceEntity>E9684A37-F481-0DBA-4A7D-3D70E8C7754F</sourceEntity>
<targetCardinalityString>*</targetCardinalityString>
<targetEntity>8D668B9D-050E-04EA-82B1-B00D014FFDED</targetEntity>
<transferable>true</transferable>
<deleteRule>NO ACTION</deleteRule>
</Relation>