<?xml version = '1.0' encoding = 'UTF-8'?>
<Relation class="oracle.dbtools.crest.model.design.logical.Relation" name="PERTENCERv3" directorySegmentName="seg_0" id="7209FED3-195F-6232-F5CE-0976E63C07BB">
<createdBy>mauro</createdBy>
<createdTime>2021-08-24 00:31:57 UTC</createdTime>
<ownerDesignName>ATIVIDADE_FASE1_CAP_6_RM92268</ownerDesignName>
<engineerTo>
<item key="0A47ACCB-0680-BE80-AB34-B113F06A75AC" value="true"/>
</engineerTo>
<sourcePk>FFE298EA-8B5C-C0A7-FA0F-63510F92BADB</sourcePk>
<identifying>false</identifying>
<optionalSource>true</optionalSource>
<optionalTarget>false</optionalTarget>
<sourceCardinality>1</sourceCardinality>
<sourceEntity>B8EF68D3-6E1E-439D-284F-792EF51CC3B3</sourceEntity>
<targetCardinalityString>*</targetCardinalityString>
<targetEntity>548DD084-B679-643E-6B2D-55EC2EBC170A</targetEntity>
<transferable>true</transferable>
<deleteRule>NO ACTION</deleteRule>
</Relation>