<?xml version = '1.0' encoding = 'UTF-8'?>
<Relation class="oracle.dbtools.crest.model.design.logical.Relation" name="gerarv2" directorySegmentName="seg_0" id="BCD63573-477F-551D-6EBF-B816BBE699C6">
<createdBy>mauro</createdBy>
<createdTime>2021-08-21 14:33:35 UTC</createdTime>
<ownerDesignName>ATIVIDADE</ownerDesignName>
<engineerTo>
<item key="0A47ACCB-0680-BE80-AB34-B113F06A75AC" value="true"/>
</engineerTo>
<sourcePk>296C4460-2C0E-DB95-020E-1B92A60375D5</sourcePk>
<targetPk>1BEAA597-7786-D78F-1450-304777973704</targetPk>
<identifying>false</identifying>
<optionalSource>false</optionalSource>
<optionalTarget>true</optionalTarget>
<sourceCardinality>1</sourceCardinality>
<sourceEntity>DB2A0D03-45C7-6062-D318-AA2D583C6890</sourceEntity>
<targetCardinalityString>1</targetCardinalityString>
<targetEntity>13D21D02-2837-C0DA-22AA-2049F7DD0890</targetEntity>
<transferable>true</transferable>
<deleteRule>NO ACTION</deleteRule>
</Relation>