<?xml version = '1.0' encoding = 'UTF-8'?>
<Relation class="oracle.dbtools.crest.model.design.logical.Relation" name="TERv6" directorySegmentName="seg_0" id="D007927B-3F0E-153B-9AEB-E66639E391B2">
<createdBy>mauro</createdBy>
<createdTime>2021-08-21 14:12:45 UTC</createdTime>
<ownerDesignName>ATIVIDADE</ownerDesignName>
<engineerTo>
<item key="0A47ACCB-0680-BE80-AB34-B113F06A75AC" value="true"/>
</engineerTo>
<sourcePk>0CEA5087-6080-A817-1EE5-62D6123C28E5</sourcePk>
<identifying>false</identifying>
<optionalSource>true</optionalSource>
<optionalTarget>false</optionalTarget>
<sourceCardinality>1</sourceCardinality>
<sourceEntity>833BAF1B-0878-097E-15DC-5A70EBE05FDB</sourceEntity>
<targetCardinalityString>*</targetCardinalityString>
<targetEntity>316BDD00-D8AD-131B-607A-3C4D941CE6B7</targetEntity>
<transferable>true</transferable>
<deleteRule>NO ACTION</deleteRule>
</Relation>