<?xml version = '1.0' encoding = 'UTF-8'?>
<Relation class="oracle.dbtools.crest.model.design.logical.Relation" name="ENVIAR" directorySegmentName="seg_0" id="D8D7D113-ED83-A093-05C8-F1E7EE9165E4">
<createdBy>mauro</createdBy>
<createdTime>2021-08-21 15:38:49 UTC</createdTime>
<ownerDesignName>ATIVIDADE_FASE1_CAP_6_RM92268</ownerDesignName>
<engineerTo>
<item key="0A47ACCB-0680-BE80-AB34-B113F06A75AC" value="true"/>
</engineerTo>
<sourcePk>811C80F3-870E-94BE-36F0-8F39EC2CF33C</sourcePk>
<identifying>true</identifying>
<optionalSource>true</optionalSource>
<optionalTarget>false</optionalTarget>
<sourceCardinality>1</sourceCardinality>
<sourceEntity>AEC8C16F-C941-C54F-3F0F-67BE092AFDC4</sourceEntity>
<targetCardinalityString>*</targetCardinalityString>
<targetEntity>F45DC71B-60DA-EAEC-DDE0-5E25E7CBD1DD</targetEntity>
<transferable>true</transferable>
<deleteRule>NO ACTION</deleteRule>
</Relation>