<?xml version = '1.0' encoding = 'UTF-8'?>
<Relation class="oracle.dbtools.crest.model.design.logical.Relation" name="terv1" directorySegmentName="seg_0" id="E6650F6E-73BA-B9E3-3B11-5D1B03ED527F">
<createdBy>mauro</createdBy>
<createdTime>2021-08-21 14:59:37 UTC</createdTime>
<ownerDesignName>ATIVIDADE</ownerDesignName>
<engineerTo>
<item key="0A47ACCB-0680-BE80-AB34-B113F06A75AC" value="true"/>
</engineerTo>
<sourcePk>EC3DD462-C75A-329A-98F7-ABD30BA40440</sourcePk>
<identifying>false</identifying>
<optionalSource>true</optionalSource>
<optionalTarget>false</optionalTarget>
<sourceCardinality>1</sourceCardinality>
<sourceEntity>1ABD4E38-7CF0-14E4-BBE8-09291D7A5B41</sourceEntity>
<targetCardinalityString>*</targetCardinalityString>
<targetEntity>13D21D02-2837-C0DA-22AA-2049F7DD0890</targetEntity>
<transferable>true</transferable>
<deleteRule>NO ACTION</deleteRule>
</Relation>