<?xml version = '1.0' encoding = 'UTF-8'?>
<Diagram class="oracle.dbtools.crest.swingui.logical.DPVLogical" name="Logical" id="3C48FF8E-1723-698D-0819-274ED6114FED">
<createdBy>mauro</createdBy>
<modifiedBy>mauro</modifiedBy>
<createdTime>2021-08-21 11:57:07 UTC</createdTime>
<autoRoute>false</autoRoute>
<boxInbox>true</boxInbox>
<showLegend>false</showLegend>
<showLabels>false</showLabels>
<showRelAttributes>false</showRelAttributes>
<gridEnabled>false</gridEnabled>
<showGrid>false</showGrid>
<diagramColor>-1</diagramColor>
<display>false</display>
<notation>2</notation>
<objectViews>
<OView class="oracle.dbtools.crest.swingui.logical.TVEntity" oid="127A9DAE-DD6F-D5AA-0FCE-BAE4D3C71477" otype="Entity" vid="1B665DE7-F3BD-8BDE-E621-F4E51CD14412">
<hideElementsInCurrentOnly>false</hideElementsInCurrentOnly>
<bounds x="1657" y="183" width="170" height="110"/>
<useDefaultColor>false</useDefaultColor>
<backgroundColor>-256</backgroundColor>
<foregroundColor>-16776961</foregroundColor>
</OView>
<OView class="oracle.dbtools.crest.swingui.logical.TVEntity" oid="13D21D02-2837-C0DA-22AA-2049F7DD0890" otype="Entity" vid="CA4575B7-07BC-978A-7497-1E792A5A8ED2">
<hideElementsInCurrentOnly>false</hideElementsInCurrentOnly>
<bounds x="1166" y="115" width="164" height="104"/>
</OView>
<OView class="oracle.dbtools.crest.swingui.logical.TVEntity" oid="1ABD4E38-7CF0-14E4-BBE8-09291D7A5B41" otype="Entity" vid="921A6589-534E-90AB-44B5-881B4CA1CF65">
<hideElementsInCurrentOnly>false</hideElementsInCurrentOnly>
<bounds x="1422" y="165" width="170" height="110"/>
</OView>
<OView class="oracle.dbtools.crest.swingui.logical.TVEntity" oid="2F9D7199-363F-8715-A9E4-2A6752F9858B" otype="Entity" vid="05FBDA22-0F35-C741-820F-BD3AEBF2758C">
<hideElementsInCurrentOnly>false</hideElementsInCurrentOnly>
<bounds x="64" y="394" width="165" height="110"/>
<useDefaultColor>false</useDefaultColor>
<backgroundColor>-13261</backgroundColor>
<foregroundColor>-16776961</foregroundColor>
</OView>
<OView class="oracle.dbtools.crest.swingui.logical.TVEntity" oid="30FED2F9-2951-DB0C-EF7D-6AB11251E541" otype="Entity" vid="8494E657-6104-0062-9210-CB182F4585D8">
<hideElementsInCurrentOnly>false</hideElementsInCurrentOnly>
<bounds x="58" y="539" width="170" height="110"/>
<useDefaultColor>false</useDefaultColor>
<backgroundColor>-26368</backgroundColor>
<foregroundColor>-16776961</foregroundColor>
</OView>
<OView class="oracle.dbtools.crest.swingui.logical.TVEntity" oid="316BDD00-D8AD-131B-607A-3C4D941CE6B7" otype="Entity" vid="84B53807-CC41-DD2F-AB72-A299CDEF213F">
<hideElementsInCurrentOnly>false</hideElementsInCurrentOnly>
<bounds x="278" y="705" width="170" height="110"/>
<useDefaultColor>false</useDefaultColor>
<backgroundColor>-26368</backgroundColor>
<foregroundColor>-16776961</foregroundColor>
</OView>
<OView class="oracle.dbtools.crest.swingui.logical.TVEntity" oid="36C59FD5-8211-030D-8239-80B92951CFC5" otype="Entity" vid="93C38FE0-4799-0448-F148-3FE797749BD3">
<hideElementsInCurrentOnly>false</hideElementsInCurrentOnly>
<bounds x="555" y="43" width="170" height="110"/>
</OView>
<OView class="oracle.dbtools.crest.swingui.logical.TVEntity" oid="398DD083-EE20-CDC2-E2B5-D4AFD8167D4F" otype="Entity" vid="B5C82E91-121E-D470-C9D4-A766C7FD3171">
<hideElementsInCurrentOnly>false</hideElementsInCurrentOnly>
<bounds x="115" y="13" width="186" height="110"/>
<useDefaultColor>false</useDefaultColor>
<backgroundColor>-256</backgroundColor>
<foregroundColor>-16776961</foregroundColor>
</OView>
<OView class="oracle.dbtools.crest.swingui.logical.TVEntity" oid="4E6D939F-05DF-BB77-928D-2D2FE0F1DD85" otype="Entity" vid="4FA46267-8010-EB2F-D33A-015FABC11489">
<hideElementsInCurrentOnly>false</hideElementsInCurrentOnly>
<bounds x="1119" y="396" width="144" height="77"/>
</OView>
<OView class="oracle.dbtools.crest.swingui.logical.TVEntity" oid="548DD084-B679-643E-6B2D-55EC2EBC170A" otype="Entity" vid="2C1B72D7-9076-DDB0-F6FC-E79992F3ABDB">
<hideElementsInCurrentOnly>false</hideElementsInCurrentOnly>
<bounds x="794" y="303" width="246" height="152"/>
</OView>
<OView class="oracle.dbtools.crest.swingui.logical.TVEntity" oid="616C6584-43D3-C320-A079-CEAED14932D1" otype="Entity" vid="DFAEC804-32A7-9718-A0A0-78A20B8E5DE2">
<hideElementsInCurrentOnly>false</hideElementsInCurrentOnly>
<bounds x="1660" y="3" width="170" height="144"/>
</OView>
<OView class="oracle.dbtools.crest.swingui.logical.TVEntity" oid="74912FF0-E178-38D1-8C60-43EA8298E1AA" otype="Entity" vid="FC3AFBDA-4A03-5AEA-3CC7-EE57AB4C7173">
<hideElementsInCurrentOnly>false</hideElementsInCurrentOnly>
<bounds x="1116" y="680" width="170" height="110"/>
</OView>
<OView class="oracle.dbtools.crest.swingui.logical.TVEntity" oid="78142ECF-BA73-F35C-FBDF-9D116231F7C7" otype="Entity" vid="C091A82D-2E18-3E73-1DB4-876D452AD556">
<hideElementsInCurrentOnly>false</hideElementsInCurrentOnly>
<bounds x="569" y="401" width="151" height="70"/>
</OView>
<OView class="oracle.dbtools.crest.swingui.logical.TVEntity" oid="833BAF1B-0878-097E-15DC-5A70EBE05FDB" otype="Entity" vid="1796D9CC-967B-847F-D216-107E75FEA8C3">
<hideElementsInCurrentOnly>false</hideElementsInCurrentOnly>
<bounds x="532" y="708" width="170" height="110"/>
<useDefaultColor>false</useDefaultColor>
<backgroundColor>-26368</backgroundColor>
<foregroundColor>-16776961</foregroundColor>
</OView>
<OView class="oracle.dbtools.crest.swingui.logical.TVEntity" oid="87795DF6-F8E8-8275-A633-4CDA1F78CE21" otype="Entity" vid="C5907B46-2C6D-BBAE-353B-D7B86A9E39CB">
<hideElementsInCurrentOnly>false</hideElementsInCurrentOnly>
<bounds x="290" y="207" width="170" height="110"/>
</OView>
<OView class="oracle.dbtools.crest.swingui.logical.TVEntity" oid="8D668B9D-050E-04EA-82B1-B00D014FFDED" otype="Entity" vid="9D7765BF-B726-0E06-4089-6A9238A85D0F">
<hideElementsInCurrentOnly>false</hideElementsInCurrentOnly>
<bounds x="286" y="389" width="199" height="110"/>
<useDefaultColor>false</useDefaultColor>
<backgroundColor>-205</backgroundColor>
<foregroundColor>-16776961</foregroundColor>
</OView>
<OView class="oracle.dbtools.crest.swingui.logical.TVEntity" oid="90F7A27D-0C1E-43B1-D1B3-6B55D1B2393E" otype="Entity" vid="249E52BA-4987-EB62-44C7-D8E47F52F44E">
<hideElementsInCurrentOnly>false</hideElementsInCurrentOnly>
<bounds x="322" y="13" width="213" height="110"/>
<useDefaultColor>false</useDefaultColor>
<backgroundColor>-256</backgroundColor>
<foregroundColor>-16776961</foregroundColor>
</OView>
<OView class="oracle.dbtools.crest.swingui.logical.TVEntity" oid="92B2C759-6E0D-278B-A50D-A8E447BA5929" otype="Entity" vid="67FACE69-6A0B-85D3-E9B4-DBCF4AF85DF1">
<hideElementsInCurrentOnly>false</hideElementsInCurrentOnly>
<bounds x="856" y="671" width="170" height="129"/>
</OView>
<OView class="oracle.dbtools.crest.swingui.logical.TVEntity" oid="AEC8C16F-C941-C54F-3F0F-67BE092AFDC4" otype="Entity" vid="DBD259AC-9355-5F6D-BF36-86170DB334BB">
<hideElementsInCurrentOnly>false</hideElementsInCurrentOnly>
<bounds x="1413" y="463" width="170" height="110"/>
</OView>
<OView class="oracle.dbtools.crest.swingui.logical.TVEntity" oid="B8EF68D3-6E1E-439D-284F-792EF51CC3B3" otype="Entity" vid="DE51BBC6-1D45-C493-E8E0-002FD69A3F79">
<hideElementsInCurrentOnly>false</hideElementsInCurrentOnly>
<bounds x="576" y="291" width="149" height="77"/>
</OView>
<OView class="oracle.dbtools.crest.swingui.logical.TVEntity" oid="C82A75FE-58EE-2DCB-83CB-799D0E0F133C" otype="Entity" vid="D255B762-A96C-BF38-D9E9-C6EBA4933728">
<hideElementsInCurrentOnly>false</hideElementsInCurrentOnly>
<bounds x="65" y="201" width="180" height="118"/>
<useDefaultColor>false</useDefaultColor>
<backgroundColor>-13261</backgroundColor>
<foregroundColor>-16776961</foregroundColor>
</OView>
<OView class="oracle.dbtools.crest.swingui.logical.TVEntity" oid="DB2A0D03-45C7-6062-D318-AA2D583C6890" otype="Entity" vid="6366D3A7-82F2-6FF7-9F67-2ECF6FDA91BB">
<hideElementsInCurrentOnly>false</hideElementsInCurrentOnly>
<bounds x="815" y="31" width="170" height="129"/>
</OView>
<OView class="oracle.dbtools.crest.swingui.logical.TVEntity" oid="E73F03E1-0BC2-29A7-4BAB-A80EDA9B8D4A" otype="Entity" vid="BE30D674-2BC2-2E84-9D1C-DF0680E61068">
<hideElementsInCurrentOnly>false</hideElementsInCurrentOnly>
<bounds x="1869" y="183" width="170" height="110"/>
<useDefaultColor>false</useDefaultColor>
<backgroundColor>-256</backgroundColor>
<foregroundColor>-16776961</foregroundColor>
</OView>
<OView class="oracle.dbtools.crest.swingui.logical.TVEntity" oid="E9684A37-F481-0DBA-4A7D-3D70E8C7754F" otype="Entity" vid="2858E479-2C26-47AA-314C-B65C6F269CA2">
<hideElementsInCurrentOnly>false</hideElementsInCurrentOnly>
<bounds x="283" y="539" width="213" height="110"/>
<useDefaultColor>false</useDefaultColor>
<backgroundColor>-26368</backgroundColor>
<foregroundColor>-16776961</foregroundColor>
</OView>
<OView class="oracle.dbtools.crest.swingui.logical.TVEntity" oid="EA1AEB07-FC1D-897D-7925-199ADA7C70D7" otype="Entity" vid="0DDC2E8F-CF28-6042-B65B-36C58FE94687">
<hideElementsInCurrentOnly>false</hideElementsInCurrentOnly>
<bounds x="529" y="545" width="170" height="110"/>
<useDefaultColor>false</useDefaultColor>
<backgroundColor>-26368</backgroundColor>
<foregroundColor>-16776961</foregroundColor>
</OView>
<OView class="oracle.dbtools.crest.swingui.logical.TVEntity" oid="F0590DF7-6647-DBF6-EDAF-E2B82D77ED3E" otype="Entity" vid="F2C16A0D-FA46-B2BA-4CC8-66128CCA9922">
<hideElementsInCurrentOnly>false</hideElementsInCurrentOnly>
<bounds x="1146" y="250" width="170" height="110"/>
<useDefaultColor>false</useDefaultColor>
<backgroundColor>-205</backgroundColor>
<foregroundColor>-16776961</foregroundColor>
</OView>
<OView class="oracle.dbtools.crest.swingui.logical.TVEntity" oid="F45DC71B-60DA-EAEC-DDE0-5E25E7CBD1DD" otype="Entity" vid="A1C2B8B0-AA3E-5403-DCA9-06EC8FB8A57F">
<hideElementsInCurrentOnly>false</hideElementsInCurrentOnly>
<bounds x="1406" y="641" width="170" height="108"/>
</OView>
<OView class="oracle.dbtools.crest.swingui.logical.TVEntity" oid="F6AE3C42-73CC-88FC-27A1-F0861BBF4AC1" otype="Entity" vid="2C46D9E2-2B6A-0B4F-478B-2A1956D711A1">
<hideElementsInCurrentOnly>false</hideElementsInCurrentOnly>
<bounds x="1001" y="527" width="157" height="71"/>
</OView>
<OView class="oracle.dbtools.crest.swingui.logical.TVEntity" oid="FA6E196E-EC99-3E12-1960-5556F70DD8D5" otype="Entity" vid="0D4DFEAC-B62F-FDE0-A149-8258E4A9564D">
<hideElementsInCurrentOnly>false</hideElementsInCurrentOnly>
<bounds x="1423" y="4" width="170" height="130"/>
<useDefaultColor>false</useDefaultColor>
<backgroundColor>-256</backgroundColor>
<foregroundColor>-16776961</foregroundColor>
</OView>
</objectViews>
<connectors>
<Connector class="oracle.dbtools.crest.swingui.logical.TVRelation" oid="127BA590-0696-16DA-72A5-3FEA194CF891" otype="Relation" vid_source="DFAEC804-32A7-9718-A0A0-78A20B8E5DE2" vid_target="1B665DE7-F3BD-8BDE-E621-F4E51CD14412">
<hideElementsInCurrentOnly>false</hideElementsInCurrentOnly>
<backgroundColor>-16777216</backgroundColor>
<lineWidth>1</lineWidth>
<points>
<point x="1743" y="147"/>
<point x="1743" y="183"/>
</points>
</Connector>
<Connector class="oracle.dbtools.crest.swingui.logical.TVRelation" oid="12F0581E-0A17-154F-15AB-A5F66107CE99" otype="Relation" vid_source="93C38FE0-4799-0448-F148-3FE797749BD3" vid_target="C5907B46-2C6D-BBAE-353B-D7B86A9E39CB">
<hideElementsInCurrentOnly>false</hideElementsInCurrentOnly>
<backgroundColor>-16777216</backgroundColor>
<lineWidth>1</lineWidth>
<points>
<point x="586" y="153"/>
<point x="586" y="223"/>
<point x="460" y="223"/>
</points>
</Connector>
<Connector class="oracle.dbtools.crest.swingui.logical.TVRelation" oid="1D899540-CEB6-DB6F-81D1-DF79126F70C5" otype="Relation" vid_source="0DDC2E8F-CF28-6042-B65B-36C58FE94687" vid_target="1796D9CC-967B-847F-D216-107E75FEA8C3">
<hideElementsInCurrentOnly>false</hideElementsInCurrentOnly>
<backgroundColor>-16777216</backgroundColor>
<lineWidth>1</lineWidth>
<points>
<point x="615" y="655"/>
<point x="615" y="708"/>
</points>
</Connector>
<Connector class="oracle.dbtools.crest.swingui.logical.TVRelation" oid="1E0BD0D9-7A84-2103-8CCD-75C4E6B90254" otype="Relation" vid_source="84B53807-CC41-DD2F-AB72-A299CDEF213F" vid_target="2858E479-2C26-47AA-314C-B65C6F269CA2">
<hideElementsInCurrentOnly>false</hideElementsInCurrentOnly>
<backgroundColor>-16777216</backgroundColor>
<lineWidth>1</lineWidth>
<points>
<point x="365" y="705"/>
<point x="365" y="649"/>
</points>
</Connector>
<Connector class="oracle.dbtools.crest.swingui.logical.TVRelation" oid="2CE5F0D0-6944-100C-2A21-6CDC38912582" otype="Relation" vid_source="8494E657-6104-0062-9210-CB182F4585D8" vid_target="2858E479-2C26-47AA-314C-B65C6F269CA2">
<hideElementsInCurrentOnly>false</hideElementsInCurrentOnly>
<backgroundColor>-16777216</backgroundColor>
<lineWidth>1</lineWidth>
<points>
<point x="228" y="594"/>
<point x="283" y="594"/>
</points>
</Connector>
<Connector class="oracle.dbtools.crest.swingui.logical.TVRelation" oid="357C8034-29F3-1A75-7C9E-6A622F9A3788" otype="Relation" vid_source="FC3AFBDA-4A03-5AEA-3CC7-EE57AB4C7173" vid_target="67FACE69-6A0B-85D3-E9B4-DBCF4AF85DF1">
<hideElementsInCurrentOnly>false</hideElementsInCurrentOnly>
<backgroundColor>-16777216</backgroundColor>
<lineWidth>1</lineWidth>
<points>
<point x="1116" y="735"/>
<point x="1026" y="735"/>
</points>
</Connector>
<Connector class="oracle.dbtools.crest.swingui.logical.TVRelation" oid="3A05BE9F-A761-D5F5-FD4A-A5E3FE0046CD" otype="Relation" vid_source="D255B762-A96C-BF38-D9E9-C6EBA4933728" vid_target="05FBDA22-0F35-C741-820F-BD3AEBF2758C">
<hideElementsInCurrentOnly>false</hideElementsInCurrentOnly>
<backgroundColor>-16777216</backgroundColor>
<lineWidth>1</lineWidth>
<points>
<point x="147" y="319"/>
<point x="147" y="394"/>
</points>
</Connector>
<Connector class="oracle.dbtools.crest.swingui.logical.TVRelation" oid="3E0D3C1A-D3E8-B98D-5802-C6C89AB635BB" otype="Relation" vid_source="2C1B72D7-9076-DDB0-F6FC-E79992F3ABDB" vid_target="67FACE69-6A0B-85D3-E9B4-DBCF4AF85DF1">
<hideElementsInCurrentOnly>false</hideElementsInCurrentOnly>
<backgroundColor>-16777216</backgroundColor>
<lineWidth>1</lineWidth>
<points>
<point x="941" y="455"/>
<point x="941" y="671"/>
</points>
</Connector>
<Connector class="oracle.dbtools.crest.swingui.logical.TVRelation" oid="49EDA810-61C2-FD1B-4FF4-5372BA13090E" otype="Relation" vid_source="C5907B46-2C6D-BBAE-353B-D7B86A9E39CB" vid_target="6366D3A7-82F2-6FF7-9F67-2ECF6FDA91BB">
<hideElementsInCurrentOnly>false</hideElementsInCurrentOnly>
<backgroundColor>-16777216</backgroundColor>
<lineWidth>1</lineWidth>
<points>
<point x="460" y="245"/>
<point x="644" y="245"/>
<point x="858" y="244"/>
<point x="858" y="160"/>
</points>
</Connector>
<Connector class="oracle.dbtools.crest.swingui.logical.TVRelation" oid="4E627174-B1F5-F7B8-E1AD-BE40CA88C54C" otype="Relation" vid_source="FC3AFBDA-4A03-5AEA-3CC7-EE57AB4C7173" vid_target="A1C2B8B0-AA3E-5403-DCA9-06EC8FB8A57F">
<hideElementsInCurrentOnly>false</hideElementsInCurrentOnly>
<backgroundColor>-16777216</backgroundColor>
<lineWidth>1</lineWidth>
<points>
<point x="1286" y="714"/>
<point x="1406" y="714"/>
</points>
</Connector>
<Connector class="oracle.dbtools.crest.swingui.logical.TVRelation" oid="653D9C50-C233-5394-A1BD-56E914C5D774" otype="Relation" vid_source="6366D3A7-82F2-6FF7-9F67-2ECF6FDA91BB" vid_target="0D4DFEAC-B62F-FDE0-A149-8258E4A9564D">
<hideElementsInCurrentOnly>false</hideElementsInCurrentOnly>
<backgroundColor>-16777216</backgroundColor>
<lineWidth>1</lineWidth>
<points>
<point x="985" y="67"/>
<point x="1423" y="67"/>
</points>
</Connector>
<Connector class="oracle.dbtools.crest.swingui.logical.TVRelation" oid="6CC42B81-E946-0016-0CFF-3F95F3CA17EE" otype="Relation" vid_source="2858E479-2C26-47AA-314C-B65C6F269CA2" vid_target="9D7765BF-B726-0E06-4089-6A9238A85D0F">
<hideElementsInCurrentOnly>false</hideElementsInCurrentOnly>
<backgroundColor>-16777216</backgroundColor>
<lineWidth>1</lineWidth>
<points>
<point x="385" y="539"/>
<point x="385" y="499"/>
</points>
</Connector>
<Connector class="oracle.dbtools.crest.swingui.logical.TVRelation" oid="7209FED3-195F-6232-F5CE-0976E63C07BB" otype="Relation" vid_source="DE51BBC6-1D45-C493-E8E0-002FD69A3F79" vid_target="2C1B72D7-9076-DDB0-F6FC-E79992F3ABDB">
<hideElementsInCurrentOnly>false</hideElementsInCurrentOnly>
<backgroundColor>-16777216</backgroundColor>
<lineWidth>1</lineWidth>
<points>
<point x="725" y="335"/>
<point x="794" y="335"/>
</points>
</Connector>
<Connector class="oracle.dbtools.crest.swingui.logical.TVRelation" oid="7AD83696-7B3C-57A2-889C-6B94AF7E666D" otype="Relation" vid_source="6366D3A7-82F2-6FF7-9F67-2ECF6FDA91BB" vid_target="F2C16A0D-FA46-B2BA-4CC8-66128CCA9922">
<hideElementsInCurrentOnly>false</hideElementsInCurrentOnly>
<backgroundColor>-16777216</backgroundColor>
<lineWidth>1</lineWidth>
<points>
<point x="926" y="160"/>
<point x="926" y="273"/>
<point x="1146" y="273"/>
</points>
</Connector>
<Connector class="oracle.dbtools.crest.swingui.logical.TVRelation" oid="BCD63573-477F-551D-6EBF-B816BBE699C6" otype="Relation" vid_source="6366D3A7-82F2-6FF7-9F67-2ECF6FDA91BB" vid_target="CA4575B7-07BC-978A-7497-1E792A5A8ED2">
<hideElementsInCurrentOnly>false</hideElementsInCurrentOnly>
<backgroundColor>-16777216</backgroundColor>
<lineWidth>1</lineWidth>
<points>
<point x="985" y="123"/>
<point x="1047" y="123"/>
<point x="1166" y="123"/>
</points>
</Connector>
<Connector class="oracle.dbtools.crest.swingui.logical.TVRelation" oid="BE7375E7-FECA-08FB-1B57-A1629F1FDDEB" otype="Relation" vid_source="C091A82D-2E18-3E73-1DB4-876D452AD556" vid_target="2C1B72D7-9076-DDB0-F6FC-E79992F3ABDB">
<hideElementsInCurrentOnly>false</hideElementsInCurrentOnly>
<backgroundColor>-16777216</backgroundColor>
<lineWidth>1</lineWidth>
<points>
<point x="720" y="428"/>
<point x="794" y="428"/>
</points>
</Connector>
<Connector class="oracle.dbtools.crest.swingui.logical.TVRelation" oid="C323753F-49BC-2753-89E2-9F968B6A0F95" otype="Relation" vid_source="DFAEC804-32A7-9718-A0A0-78A20B8E5DE2" vid_target="0D4DFEAC-B62F-FDE0-A149-8258E4A9564D">
<hideElementsInCurrentOnly>false</hideElementsInCurrentOnly>
<backgroundColor>-16777216</backgroundColor>
<lineWidth>1</lineWidth>
<points>
<point x="1660" y="69"/>
<point x="1593" y="69"/>
</points>
</Connector>
<Connector class="oracle.dbtools.crest.swingui.logical.TVRelation" oid="C91F9B8F-83A1-054D-B872-C4855234442D" otype="Relation" vid_source="DFAEC804-32A7-9718-A0A0-78A20B8E5DE2" vid_target="BE30D674-2BC2-2E84-9D1C-DF0680E61068">
<hideElementsInCurrentOnly>false</hideElementsInCurrentOnly>
<backgroundColor>-16777216</backgroundColor>
<lineWidth>1</lineWidth>
<points>
<point x="1830" y="110"/>
<point x="1944" y="110"/>
<point x="1944" y="183"/>
</points>
</Connector>
<Connector class="oracle.dbtools.crest.swingui.logical.TVRelation" oid="C9C16228-7A91-54A8-070A-F9BE120F0B69" otype="Relation" vid_source="C5907B46-2C6D-BBAE-353B-D7B86A9E39CB" vid_target="249E52BA-4987-EB62-44C7-D8E47F52F44E">
<hideElementsInCurrentOnly>false</hideElementsInCurrentOnly>
<backgroundColor>-16777216</backgroundColor>
<lineWidth>1</lineWidth>
<points>
<point x="391" y="207"/>
<point x="391" y="123"/>
</points>
</Connector>
<Connector class="oracle.dbtools.crest.swingui.logical.TVRelation" oid="CFBD8BC4-F53A-13F7-4492-D41CD0201782" otype="Relation" vid_source="C5907B46-2C6D-BBAE-353B-D7B86A9E39CB" vid_target="B5C82E91-121E-D470-C9D4-A766C7FD3171">
<hideElementsInCurrentOnly>false</hideElementsInCurrentOnly>
<backgroundColor>-16777216</backgroundColor>
<lineWidth>1</lineWidth>
<points>
<point x="323" y="207"/>
<point x="323" y="164"/>
<point x="149" y="161"/>
<point x="149" y="123"/>
</points>
</Connector>
<Connector class="oracle.dbtools.crest.swingui.logical.TVRelation" oid="D007927B-3F0E-153B-9AEB-E66639E391B2" otype="Relation" vid_source="1796D9CC-967B-847F-D216-107E75FEA8C3" vid_target="84B53807-CC41-DD2F-AB72-A299CDEF213F">
<hideElementsInCurrentOnly>false</hideElementsInCurrentOnly>
<backgroundColor>-16777216</backgroundColor>
<lineWidth>1</lineWidth>
<points>
<point x="532" y="761"/>
<point x="448" y="761"/>
</points>
</Connector>
<Connector class="oracle.dbtools.crest.swingui.logical.TVRelation" oid="D23403BE-47AE-C004-1452-884D0F37D6B5" otype="Relation" vid_source="2C1B72D7-9076-DDB0-F6FC-E79992F3ABDB" vid_target="F2C16A0D-FA46-B2BA-4CC8-66128CCA9922">
<hideElementsInCurrentOnly>false</hideElementsInCurrentOnly>
<backgroundColor>-16777216</backgroundColor>
<lineWidth>1</lineWidth>
<points>
<point x="1040" y="331"/>
<point x="1146" y="331"/>
</points>
</Connector>
<Connector class="oracle.dbtools.crest.swingui.logical.TVRelation" oid="D8D7D113-ED83-A093-05C8-F1E7EE9165E4" otype="Relation" vid_source="DBD259AC-9355-5F6D-BF36-86170DB334BB" vid_target="A1C2B8B0-AA3E-5403-DCA9-06EC8FB8A57F">
<hideElementsInCurrentOnly>false</hideElementsInCurrentOnly>
<backgroundColor>-16777216</backgroundColor>
<lineWidth>1</lineWidth>
<points>
<point x="1494" y="573"/>
<point x="1494" y="641"/>
</points>
</Connector>
<Connector class="oracle.dbtools.crest.swingui.logical.TVRelation" oid="E0AACDA8-042C-AD4C-5437-D8F8A1A3596D" otype="Relation" vid_source="4FA46267-8010-EB2F-D33A-015FABC11489" vid_target="2C1B72D7-9076-DDB0-F6FC-E79992F3ABDB">
<hideElementsInCurrentOnly>false</hideElementsInCurrentOnly>
<backgroundColor>-16777216</backgroundColor>
<lineWidth>1</lineWidth>
<points>
<point x="1119" y="425"/>
<point x="1040" y="425"/>
</points>
</Connector>
<Connector class="oracle.dbtools.crest.swingui.logical.TVRelation" oid="E4E0BFCC-9E9A-D046-3BA3-14D1567477EB" otype="Relation" vid_source="DFAEC804-32A7-9718-A0A0-78A20B8E5DE2" vid_target="FC3AFBDA-4A03-5AEA-3CC7-EE57AB4C7173">
<hideElementsInCurrentOnly>false</hideElementsInCurrentOnly>
<backgroundColor>-16777216</backgroundColor>
<lineWidth>1</lineWidth>
<points>
<point x="1830" y="54"/>
<point x="2056" y="54"/>
<point x="2064" y="780"/>
<point x="1286" y="780"/>
</points>
</Connector>
<Connector class="oracle.dbtools.crest.swingui.logical.TVRelation" oid="E6650F6E-73BA-B9E3-3B11-5D1B03ED527F" otype="Relation" vid_source="921A6589-534E-90AB-44B5-881B4CA1CF65" vid_target="CA4575B7-07BC-978A-7497-1E792A5A8ED2">
<hideElementsInCurrentOnly>false</hideElementsInCurrentOnly>
<backgroundColor>-16777216</backgroundColor>
<lineWidth>1</lineWidth>
<points>
<point x="1422" y="192"/>
<point x="1330" y="192"/>
</points>
</Connector>
<Connector class="oracle.dbtools.crest.swingui.logical.TVRelation" oid="EB4F6D9E-7E0B-2435-CF70-7F715FE786DA" otype="Relation" vid_source="2C1B72D7-9076-DDB0-F6FC-E79992F3ABDB" vid_target="2C46D9E2-2B6A-0B4F-478B-2A1956D711A1">
<hideElementsInCurrentOnly>false</hideElementsInCurrentOnly>
<backgroundColor>-16777216</backgroundColor>
<lineWidth>1</lineWidth>
<points>
<point x="1020" y="455"/>
<point x="1020" y="527"/>
</points>
</Connector>
<Connector class="oracle.dbtools.crest.swingui.logical.TVRelation" oid="EDE4F80A-E6D5-B7DC-0F95-0CBDCDC47906" otype="Relation" vid_source="C5907B46-2C6D-BBAE-353B-D7B86A9E39CB" vid_target="D255B762-A96C-BF38-D9E9-C6EBA4933728">
<hideElementsInCurrentOnly>false</hideElementsInCurrentOnly>
<backgroundColor>-16777216</backgroundColor>
<lineWidth>1</lineWidth>
<points>
<point x="290" y="262"/>
<point x="245" y="262"/>
</points>
</Connector>
<Connector class="oracle.dbtools.crest.swingui.logical.TVRelation" oid="F3FA58F5-7B46-82A0-CEB8-8595A8823198" otype="Relation" vid_source="C5907B46-2C6D-BBAE-353B-D7B86A9E39CB" vid_target="9D7765BF-B726-0E06-4089-6A9238A85D0F">
<hideElementsInCurrentOnly>false</hideElementsInCurrentOnly>
<backgroundColor>-16777216</backgroundColor>
<lineWidth>1</lineWidth>
<points>
<point x="375" y="317"/>
<point x="375" y="389"/>
</points>
</Connector>
</connectors>
<arcs>
<Arc class="oracle.dbtools.crest.swingui.logical.TVArc" oid="0DA8582D-87E0-1AF9-CD8B-A3B743D169B0" otype="Arc" vid="A7F9E08C-3945-F198-F906-2D6FF1F124A0">
<hideElementsInCurrentOnly>false</hideElementsInCurrentOnly>
<bounds x="270" y="187" width="210" height="150"/>
</Arc>
<Arc class="oracle.dbtools.crest.swingui.logical.TVArc" oid="C3D6E95B-7747-836D-E18C-1547C3C2154C" otype="Arc" vid="EBF19ED9-3F61-F35B-A528-2F3CEE63E49A">
<hideElementsInCurrentOnly>false</hideElementsInCurrentOnly>
<bounds x="1640" y="-17" width="210" height="184"/>
</Arc>
</arcs>
</Diagram>