<?xml version = '1.0' encoding = 'UTF-8'?>
<Entity class="oracle.dbtools.crest.model.design.logical.Entity" directorySegmentName="seg_0" id="DB2A0D03-45C7-6062-D318-AA2D583C6890" name="T_PIP_PEDIDO">
<createdBy>mauro</createdBy>
<createdTime>2021-08-21 12:29:51 UTC</createdTime>
<ownerDesignName>ATIVIDADE_FASE1_CAP_6_RM92268</ownerDesignName>
<engineerTo>
<item key="0A47ACCB-0680-BE80-AB34-B113F06A75AC" value="true"/>
</engineerTo>
<adequatelyNormalized>NO</adequatelyNormalized>
<expectedVolumes>0</expectedVolumes>
<fwdEngineeringStrategyName>Single Table</fwdEngineeringStrategyName>
<growthPercent>0</growthPercent>
<growthType>Year</growthType>
<maxVolumes>9999999</maxVolumes>
<minVolumes>0</minVolumes>
<normalForm>Third</normalForm>
<attributes itemClass="oracle.dbtools.crest.model.design.logical.Attribute">
<Attribute name="cd_pedido" id="9418074F-7A4F-A9C4-1666-1D3AA84DE171">
<createdBy>mauro</createdBy>
<createdTime>2021-08-21 14:24:41 UTC</createdTime>
<ownerDesignName>ATIVIDADE_FASE1_CAP_6_RM92268</ownerDesignName>
<engineerTo>
<item key="0A47ACCB-0680-BE80-AB34-B113F06A75AC" value="true"/>
</engineerTo>
<useDomainConstraints>false</useDomainConstraints>
<use>1</use>
<logicalDatatype>LOGDT019</logicalDatatype>
<dataTypePrecision>20</dataTypePrecision>
<ownDataTypeParameters>,20,</ownDataTypeParameters>
</Attribute>
<Attribute name="cd_cliente" id="31F1AB25-0EE5-DA61-569F-975E4D618F1F">
<createdBy>mauro</createdBy>
<createdTime>2021-08-21 13:24:16 UTC</createdTime>
<generatorID>49EDA810-61C2-FD1B-4FF4-5372BA13090E</generatorID>
<ownerDesignName>ATIVIDADE_FASE1_CAP_6_RM92268</ownerDesignName>
<engineerTo>
<item key="0A47ACCB-0680-BE80-AB34-B113F06A75AC" value="true"/>
</engineerTo>
<referedAttribute>527571DD-7CAF-54DF-0B7C-CE11C282BA95</referedAttribute>
<useDomainConstraints>false</useDomainConstraints>
<use>1</use>
<logicalDatatype>LOGDT019</logicalDatatype>
<dataTypePrecision>10</dataTypePrecision>
<ownDataTypeParameters>,10,</ownDataTypeParameters>
</Attribute>
<Attribute name="cd_nota_fiscal" id="56ABB9BE-6877-4D03-B45E-4120F71AD420">
<createdBy>mauro</createdBy>
<createdTime>2021-08-21 16:00:38 UTC</createdTime>
<generatorID>BCD63573-477F-551D-6EBF-B816BBE699C6</generatorID>
<ownerDesignName>ATIVIDADE_FASE1_CAP_6_RM92268</ownerDesignName>
<engineerTo>
<item key="0A47ACCB-0680-BE80-AB34-B113F06A75AC" value="true"/>
</engineerTo>
<referedAttribute>18607ECC-8078-90C0-DD27-902FBBCCEA47</referedAttribute>
<useDomainConstraints>false</useDomainConstraints>
<use>1</use>
<logicalDatatype>LOGDT019</logicalDatatype>
<dataTypePrecision>20</dataTypePrecision>
<ownDataTypeParameters>,20,</ownDataTypeParameters>
</Attribute>
<Attribute name="cd_funcionario" id="601B2E3B-F25C-0C7B-2216-D75E85321283">
<createdBy>mauro</createdBy>
<createdTime>2021-08-23 13:11:58 UTC</createdTime>
<generatorID>653D9C50-C233-5394-A1BD-56E914C5D774</generatorID>
<ownerDesignName>ATIVIDADE_FASE1_CAP_6_RM92268</ownerDesignName>
<engineerTo>
<item key="0A47ACCB-0680-BE80-AB34-B113F06A75AC" value="true"/>
</engineerTo>
<referedAttribute>E93050BA-4716-71FA-BC7E-D7D19412D5AC</referedAttribute>
<useDomainConstraints>false</useDomainConstraints>
<use>1</use>
<logicalDatatype>LOGDT019</logicalDatatype>
<dataTypePrecision>10</dataTypePrecision>
<ownDataTypeParameters>,10,</ownDataTypeParameters>
</Attribute>
<Attribute name="dt_pedido" id="81EAE645-5563-937F-C566-DDA2FFF78082">
<createdBy>mauro</createdBy>
<createdTime>2021-08-21 14:24:41 UTC</createdTime>
<ownerDesignName>ATIVIDADE_FASE1_CAP_6_RM92268</ownerDesignName>
<engineerTo>
<item key="0A47ACCB-0680-BE80-AB34-B113F06A75AC" value="true"/>
</engineerTo>
<useDomainConstraints>false</useDomainConstraints>
<use>1</use>
<logicalDatatype>LOGDT007</logicalDatatype>
<ownDataTypeParameters>,,</ownDataTypeParameters>
</Attribute>
<Attribute name="vr_pedido" id="9A062634-A70C-067D-9D72-308B98F6DAFE">
<createdBy>mauro</createdBy>
<createdTime>2021-08-21 14:49:09 UTC</createdTime>
<ownerDesignName>ATIVIDADE_FASE1_CAP_6_RM92268</ownerDesignName>
<engineerTo>
<item key="0A47ACCB-0680-BE80-AB34-B113F06A75AC" value="true"/>
</engineerTo>
<useDomainConstraints>false</useDomainConstraints>
<use>1</use>
<logicalDatatype>LOGDT019</logicalDatatype>
<dataTypePrecision>10</dataTypePrecision>
<ownDataTypeParameters>,10,</ownDataTypeParameters>
</Attribute>
</attributes>
<identifiers itemClass="oracle.dbtools.crest.model.design.logical.CandidateKey">
<identifier id="296C4460-2C0E-DB95-020E-1B92A60375D5" name="T_PEDIDO PK">
<createdBy>mauro</createdBy>
<createdTime>2021-08-21 13:24:15 UTC</createdTime>
<ownerDesignName>ATIVIDADE_FASE1_CAP_6_RM92268</ownerDesignName>
<shouldEngineer>false</shouldEngineer>
<engineerTo>
<item key="0A47ACCB-0680-BE80-AB34-B113F06A75AC" value="false"/>
</engineerTo>
<pk>true</pk>
<usedAttributes>
<attributeRef>9418074F-7A4F-A9C4-1666-1D3AA84DE171</attributeRef>
</usedAttributes>
</identifier>
</identifiers>
</Entity>