<?xml version = '1.0' encoding = 'UTF-8'?>
<Entity class="oracle.dbtools.crest.model.design.logical.Entity" directorySegmentName="seg_0" id="F0590DF7-6647-DBF6-EDAF-E2B82D77ED3E" name="T_PIP_PEDIDO_PRODUTO">
<createdBy>mauro</createdBy>
<createdTime>2021-08-21 13:08:36 UTC</createdTime>
<ownerDesignName>ATIVIDADE_FASE1_CAP_6_RM92268</ownerDesignName>
<engineerTo>
<item key="0A47ACCB-0680-BE80-AB34-B113F06A75AC" value="true"/>
</engineerTo>
<adequatelyNormalized>NO</adequatelyNormalized>
<expectedVolumes>0</expectedVolumes>
<fwdEngineeringStrategyName>Single Table</fwdEngineeringStrategyName>
<growthPercent>0</growthPercent>
<growthType>Year</growthType>
<maxVolumes>9999999</maxVolumes>
<minVolumes>0</minVolumes>
<normalForm>Third</normalForm>
<attributes itemClass="oracle.dbtools.crest.model.design.logical.Attribute">
<Attribute name="cd_produto" id="A3D71290-B909-8C31-E5B6-D47AA2937983">
<createdBy>mauro</createdBy>
<createdTime>2021-08-21 14:57:58 UTC</createdTime>
<generatorID>D23403BE-47AE-C004-1452-884D0F37D6B5</generatorID>
<ownerDesignName>ATIVIDADE_FASE1_CAP_6_RM92268</ownerDesignName>
<engineerTo>
<item key="0A47ACCB-0680-BE80-AB34-B113F06A75AC" value="true"/>
</engineerTo>
<referedAttribute>E64DDA26-9F4C-5C45-5115-19EA50FE9B28</referedAttribute>
<useDomainConstraints>false</useDomainConstraints>
<use>1</use>
<logicalDatatype>LOGDT019</logicalDatatype>
<dataTypePrecision>10</dataTypePrecision>
<ownDataTypeParameters>,10,</ownDataTypeParameters>
</Attribute>
<Attribute name="cd_pedido" id="0FBF4A5B-6B7B-BD18-7CED-25C7E1E61382">
<createdBy>mauro</createdBy>
<createdTime>2021-08-25 00:20:49 UTC</createdTime>
<generatorID>7AD83696-7B3C-57A2-889C-6B94AF7E666D</generatorID>
<ownerDesignName>ATIVIDADE_FASE1_CAP_6_RM92268</ownerDesignName>
<engineerTo>
<item key="0A47ACCB-0680-BE80-AB34-B113F06A75AC" value="true"/>
</engineerTo>
<referedAttribute>9418074F-7A4F-A9C4-1666-1D3AA84DE171</referedAttribute>
<useDomainConstraints>false</useDomainConstraints>
<use>1</use>
<logicalDatatype>LOGDT019</logicalDatatype>
<dataTypePrecision>20</dataTypePrecision>
<ownDataTypeParameters>,20,</ownDataTypeParameters>
</Attribute>
<Attribute name="qt_vendida" id="3C6180E6-A284-FD21-F175-C7BB1EDE8F71">
<createdBy>mauro</createdBy>
<createdTime>2021-08-21 14:54:20 UTC</createdTime>
<ownerDesignName>ATIVIDADE_FASE1_CAP_6_RM92268</ownerDesignName>
<engineerTo>
<item key="0A47ACCB-0680-BE80-AB34-B113F06A75AC" value="true"/>
</engineerTo>
<useDomainConstraints>false</useDomainConstraints>
<use>1</use>
<logicalDatatype>LOGDT019</logicalDatatype>
<dataTypePrecision>20</dataTypePrecision>
<ownDataTypeParameters>,20,</ownDataTypeParameters>
</Attribute>
<Attribute name="vr_vend_unitario" id="27ED7286-756D-0731-BE68-E54960A516B3">
<createdBy>mauro</createdBy>
<createdTime>2021-08-21 14:54:30 UTC</createdTime>
<ownerDesignName>ATIVIDADE_FASE1_CAP_6_RM92268</ownerDesignName>
<engineerTo>
<item key="0A47ACCB-0680-BE80-AB34-B113F06A75AC" value="true"/>
</engineerTo>
<useDomainConstraints>false</useDomainConstraints>
<use>1</use>
<logicalDatatype>LOGDT019</logicalDatatype>
<dataTypePrecision>20</dataTypePrecision>
<ownDataTypeParameters>,20,</ownDataTypeParameters>
</Attribute>
</attributes>
<identifiers itemClass="oracle.dbtools.crest.model.design.logical.CandidateKey">
<identifier id="AAAC6A15-C3CA-5191-3422-F391B3EF1BD1" name="T_ITEM_NF PK">
<createdBy>mauro</createdBy>
<createdTime>2021-08-21 14:53:13 UTC</createdTime>
<ownerDesignName>ATIVIDADE_FASE1_CAP_6_RM92268</ownerDesignName>
<shouldEngineer>false</shouldEngineer>
<engineerTo>
<item key="0A47ACCB-0680-BE80-AB34-B113F06A75AC" value="false"/>
</engineerTo>
<pk>true</pk>
<usedAttributes>
<attributeRef>A3D71290-B909-8C31-E5B6-D47AA2937983</attributeRef>
<attributeRef>0FBF4A5B-6B7B-BD18-7CED-25C7E1E61382</attributeRef>
</usedAttributes>
</identifier>
</identifiers>
</Entity>