<?xml version = '1.0' encoding = 'UTF-8'?>
<Diagram class="oracle.dbtools.crest.swingui.relational.DPVRelational" name="Relational_1" id="E7BCD71D-CF95-FA65-8A59-1359F8EBD7FF">
<createdBy>mauro</createdBy>
<modifiedBy>mauro</modifiedBy>
<createdTime>2021-08-21 14:34:41 UTC</createdTime>
<autoRoute>false</autoRoute>
<boxInbox>true</boxInbox>
<showLegend>false</showLegend>
<showLabels>false</showLabels>
<showRelAttributes>false</showRelAttributes>
<gridEnabled>false</gridEnabled>
<showGrid>false</showGrid>
<diagramColor>-1</diagramColor>
<display>false</display>
<notation>1</notation>
<objectViews>
<OView class="oracle.dbtools.crest.swingui.relational.TVTable" oid="074EDC7B-9309-C7AC-E990-3039A500026B" otype="Table" vid="F8BE49FD-E3E2-511E-DF87-C656B92FDB3E">
<hideElementsInCurrentOnly>false</hideElementsInCurrentOnly>
<bounds x="1423" y="4" width="170" height="130"/>
<useDefaultColor>false</useDefaultColor>
<backgroundColor>-256</backgroundColor>
<foregroundColor>-16776961</foregroundColor>
</OView>
<OView class="oracle.dbtools.crest.swingui.relational.TVTable" oid="097E7A6D-33E6-7A7A-3058-DF936D672AC4" otype="Table" vid="62464E25-B2A5-D42E-5A1F-719C95067E20">
<hideElementsInCurrentOnly>false</hideElementsInCurrentOnly>
<bounds x="1869" y="183" width="170" height="110"/>
<useDefaultColor>false</useDefaultColor>
<backgroundColor>-256</backgroundColor>
<foregroundColor>-16776961</foregroundColor>
</OView>
<OView class="oracle.dbtools.crest.swingui.relational.TVTable" oid="0E82624B-44D3-73A1-BD32-4BFFB4A6F387" otype="Table" vid="E5FC2461-D14E-57B8-FBC5-DF3827176C9C">
<hideElementsInCurrentOnly>false</hideElementsInCurrentOnly>
<bounds x="1136" y="234" width="170" height="110"/>
<useDefaultColor>false</useDefaultColor>
<backgroundColor>-205</backgroundColor>
<foregroundColor>-16776961</foregroundColor>
</OView>
<OView class="oracle.dbtools.crest.swingui.relational.TVTable" oid="147833D9-E71E-5AE2-4ED8-99D8C1522058" otype="Table" vid="1CE68DD2-1083-FE3A-1215-B29DA4F0D0D6">
<hideElementsInCurrentOnly>false</hideElementsInCurrentOnly>
<bounds x="530" y="542" width="170" height="110"/>
<useDefaultColor>false</useDefaultColor>
<backgroundColor>-26368</backgroundColor>
<foregroundColor>-16776961</foregroundColor>
</OView>
<OView class="oracle.dbtools.crest.swingui.relational.TVTable" oid="15A9FB9B-D2C0-81CB-42F5-F2702A10756C" otype="Table" vid="D8060CB2-C469-7D04-6418-166AFBDFA68A">
<hideElementsInCurrentOnly>false</hideElementsInCurrentOnly>
<bounds x="815" y="31" width="170" height="129"/>
</OView>
<OView class="oracle.dbtools.crest.swingui.relational.TVTable" oid="254013FE-4CCA-5A79-693C-ACABBA9297F4" otype="Table" vid="6C6B62DA-61A9-9093-196D-D7C12DED4AB5">
<hideElementsInCurrentOnly>false</hideElementsInCurrentOnly>
<bounds x="574" y="411" width="151" height="70"/>
</OView>
<OView class="oracle.dbtools.crest.swingui.relational.TVTable" oid="2CE8C000-2A94-0CDF-D911-8158F9089D35" otype="Table" vid="18294273-0EF7-0EEC-1E7B-95DF1D4946FC">
<hideElementsInCurrentOnly>false</hideElementsInCurrentOnly>
<bounds x="1493" y="343" width="170" height="79"/>
</OView>
<OView class="oracle.dbtools.crest.swingui.relational.TVTable" oid="33CC0E50-48B2-2242-54F0-3495308DDDFB" otype="Table" vid="EF92016C-2009-0971-D239-986C177F8E74">
<hideElementsInCurrentOnly>false</hideElementsInCurrentOnly>
<bounds x="824" y="608" width="170" height="203"/>
</OView>
<OView class="oracle.dbtools.crest.swingui.relational.TVTable" oid="40BBB7C2-E953-6AC2-E0E1-317FF7A2C435" otype="Table" vid="3CE8B54F-8D4F-838A-1D3C-937C986DF2A3">
<hideElementsInCurrentOnly>false</hideElementsInCurrentOnly>
<bounds x="322" y="13" width="213" height="127"/>
<useDefaultColor>false</useDefaultColor>
<backgroundColor>-256</backgroundColor>
<foregroundColor>-16776961</foregroundColor>
</OView>
<OView class="oracle.dbtools.crest.swingui.relational.TVTable" oid="4334F86E-EFD3-FD78-1EAB-9DFE4021DA7E" otype="Table" vid="66F44BBA-C097-99C1-9917-5C01A0CCC1D2">
<hideElementsInCurrentOnly>false</hideElementsInCurrentOnly>
<bounds x="1082" y="688" width="170" height="110"/>
</OView>
<OView class="oracle.dbtools.crest.swingui.relational.TVTable" oid="43D53DD4-F929-40C4-F759-50F8909919BD" otype="Table" vid="F3313EB5-C816-330A-692D-39CA020F6306">
<hideElementsInCurrentOnly>false</hideElementsInCurrentOnly>
<bounds x="295" y="701" width="170" height="110"/>
<useDefaultColor>false</useDefaultColor>
<backgroundColor>-26368</backgroundColor>
<foregroundColor>-16776961</foregroundColor>
</OView>
<OView class="oracle.dbtools.crest.swingui.relational.TVTable" oid="504EE0C2-9F61-B755-BDC4-70EE3B2B6371" otype="Table" vid="7A287AD4-4EAB-02CD-7355-8F863D690FAB">
<hideElementsInCurrentOnly>false</hideElementsInCurrentOnly>
<bounds x="1657" y="183" width="170" height="110"/>
<useDefaultColor>false</useDefaultColor>
<backgroundColor>-256</backgroundColor>
<foregroundColor>-16776961</foregroundColor>
</OView>
<OView class="oracle.dbtools.crest.swingui.relational.TVTable" oid="50C1596A-3574-C212-D70A-515965DF41F9" otype="Table" vid="EC93FDFE-0577-2913-520F-C0CA5F717460">
<hideElementsInCurrentOnly>false</hideElementsInCurrentOnly>
<bounds x="555" y="43" width="170" height="110"/>
</OView>
<OView class="oracle.dbtools.crest.swingui.relational.TVTable" oid="5D9FCC2F-3A77-64B0-C0B3-4FA211AE4241" otype="Table" vid="CA037FD4-C64E-EC76-2DF4-4386C0BD18E4">
<hideElementsInCurrentOnly>false</hideElementsInCurrentOnly>
<bounds x="1383" y="487" width="170" height="110"/>
</OView>
<OView class="oracle.dbtools.crest.swingui.relational.TVTable" oid="60DE04C6-3E35-3CAF-399C-B1D6AB54CA76" otype="Table" vid="D6F3DA67-2C1F-1301-6DF6-A178A6E15319">
<hideElementsInCurrentOnly>false</hideElementsInCurrentOnly>
<bounds x="286" y="389" width="199" height="110"/>
<useDefaultColor>false</useDefaultColor>
<backgroundColor>-205</backgroundColor>
<foregroundColor>-16776961</foregroundColor>
</OView>
<OView class="oracle.dbtools.crest.swingui.relational.TVTable" oid="63D5353B-4315-DDC4-2492-86E77BBEE22F" otype="Table" vid="147D4FC0-E807-CAF1-456D-63BB0D317AD5">
<hideElementsInCurrentOnly>false</hideElementsInCurrentOnly>
<bounds x="115" y="13" width="186" height="145"/>
<useDefaultColor>false</useDefaultColor>
<backgroundColor>-256</backgroundColor>
<foregroundColor>-16776961</foregroundColor>
</OView>
<OView class="oracle.dbtools.crest.swingui.relational.TVTable" oid="6B061B17-CF95-A584-10E0-917FEDC10FC2" otype="Table" vid="AD57F097-3D3C-AAFC-4F0D-68FD631E76DB">
<hideElementsInCurrentOnly>false</hideElementsInCurrentOnly>
<bounds x="539" y="706" width="170" height="110"/>
<useDefaultColor>false</useDefaultColor>
<backgroundColor>-26368</backgroundColor>
<foregroundColor>-16776961</foregroundColor>
</OView>
<OView class="oracle.dbtools.crest.swingui.relational.TVTable" oid="77DEE9C8-314E-BE0F-5EF1-90649452E149" otype="Table" vid="9BE30292-0D29-45F5-AEA7-D97796B3F869">
<hideElementsInCurrentOnly>false</hideElementsInCurrentOnly>
<bounds x="1660" y="3" width="170" height="144"/>
</OView>
<OView class="oracle.dbtools.crest.swingui.relational.TVTable" oid="7E678B9B-363F-A967-090B-9BEAC40E554A" otype="Table" vid="CA2ABDAF-57A0-6092-8072-B205F115885D">
<hideElementsInCurrentOnly>false</hideElementsInCurrentOnly>
<bounds x="794" y="303" width="246" height="152"/>
</OView>
<OView class="oracle.dbtools.crest.swingui.relational.TVTable" oid="8E205F66-EF7D-55B3-4364-33339EF87BE8" otype="Table" vid="1D8D71EF-EA96-40B7-3623-7DCD617534B6">
<hideElementsInCurrentOnly>false</hideElementsInCurrentOnly>
<bounds x="1136" y="96" width="164" height="104"/>
</OView>
<OView class="oracle.dbtools.crest.swingui.relational.TVTable" oid="B811D789-CEC8-D8E0-7649-54C96C117CF6" otype="Table" vid="DA183853-71D7-8907-5141-BB7928E9E108">
<hideElementsInCurrentOnly>false</hideElementsInCurrentOnly>
<bounds x="73" y="204" width="180" height="118"/>
<useDefaultColor>false</useDefaultColor>
<backgroundColor>-13261</backgroundColor>
<foregroundColor>-16776961</foregroundColor>
</OView>
<OView class="oracle.dbtools.crest.swingui.relational.TVTable" oid="C0CCEE45-9321-08F0-0EA8-8261C95C6794" otype="Table" vid="61A15D37-2B6B-4CBB-FB21-8F6669AA8743">
<hideElementsInCurrentOnly>false</hideElementsInCurrentOnly>
<bounds x="283" y="541" width="213" height="108"/>
<useDefaultColor>false</useDefaultColor>
<backgroundColor>-26368</backgroundColor>
<foregroundColor>-16776961</foregroundColor>
</OView>
<OView class="oracle.dbtools.crest.swingui.relational.TVTable" oid="D40B5F98-25EF-4902-B84D-545836C3DA08" otype="Table" vid="DFAEF150-8998-7B95-DE4A-78BD564A80E1">
<hideElementsInCurrentOnly>false</hideElementsInCurrentOnly>
<bounds x="64" y="394" width="165" height="110"/>
<useDefaultColor>false</useDefaultColor>
<backgroundColor>-13261</backgroundColor>
<foregroundColor>-16776961</foregroundColor>
</OView>
<OView class="oracle.dbtools.crest.swingui.relational.TVTable" oid="D576DDBC-9F6B-0133-9D61-A19FB98BFEEE" otype="Table" vid="6811A319-7630-E4A0-0852-7C19684CBA4D">
<hideElementsInCurrentOnly>false</hideElementsInCurrentOnly>
<bounds x="1370" y="661" width="170" height="109"/>
</OView>
<OView class="oracle.dbtools.crest.swingui.relational.TVTable" oid="D6123834-FB29-D5C0-A609-E56C9EBB6887" otype="Table" vid="83D5C710-3446-ED4A-BA2E-9E1EEEB5E690">
<hideElementsInCurrentOnly>false</hideElementsInCurrentOnly>
<bounds x="62" y="535" width="170" height="110"/>
<useDefaultColor>false</useDefaultColor>
<backgroundColor>-26368</backgroundColor>
<foregroundColor>-16776961</foregroundColor>
</OView>
<OView class="oracle.dbtools.crest.swingui.relational.TVTable" oid="EBE88B1B-2515-B2AD-2C3A-35EF97C77531" otype="Table" vid="584913B6-8B05-B28B-1EAD-F16AF7FF04C2">
<hideElementsInCurrentOnly>false</hideElementsInCurrentOnly>
<bounds x="1393" y="185" width="170" height="110"/>
</OView>
<OView class="oracle.dbtools.crest.swingui.relational.TVTable" oid="EF18B0EB-D07B-1AA9-F8B4-E220A4ED0F44" otype="Table" vid="D3832E60-E5FC-B010-5688-E14B65F4A08F">
<hideElementsInCurrentOnly>false</hideElementsInCurrentOnly>
<bounds x="1086" y="401" width="144" height="77"/>
</OView>
<OView class="oracle.dbtools.crest.swingui.relational.TVTable" oid="F4442458-C11F-B324-DE83-194249B21A4C" otype="Table" vid="A6971B68-3F10-0928-C7D0-9670A273C61B">
<hideElementsInCurrentOnly>false</hideElementsInCurrentOnly>
<bounds x="968" y="516" width="157" height="71"/>
</OView>
<OView class="oracle.dbtools.crest.swingui.relational.TVTable" oid="FBFDAECB-269D-69F3-1CE6-07C10C8712FD" otype="Table" vid="F690B575-4998-995D-768B-69A722B03AB1">
<hideElementsInCurrentOnly>false</hideElementsInCurrentOnly>
<bounds x="290" y="207" width="170" height="110"/>
</OView>
<OView class="oracle.dbtools.crest.swingui.relational.TVTable" oid="FE55750C-65F3-9993-2297-04168C362706" otype="Table" vid="72923D9D-AEB2-1EB3-0FC8-608E1E5CEC5D">
<hideElementsInCurrentOnly>false</hideElementsInCurrentOnly>
<bounds x="581" y="292" width="149" height="77"/>
</OView>
</objectViews>
<connectors>
<Connector class="oracle.dbtools.crest.swingui.relational.TVFKRelation" oid="0435C498-E31A-DA4B-28C3-D68C4FA97048" otype="FKIndexAssociation" vid_source="72923D9D-AEB2-1EB3-0FC8-608E1E5CEC5D" vid_target="CA2ABDAF-57A0-6092-8072-B205F115885D">
<hideElementsInCurrentOnly>false</hideElementsInCurrentOnly>
<backgroundColor>-16777216</backgroundColor>
<lineWidth>1</lineWidth>
<points>
<point x="730" y="336"/>
<point x="794" y="336"/>
</points>
</Connector>
<Connector class="oracle.dbtools.crest.swingui.relational.TVFKRelation" oid="068A9BB4-F9C5-AE18-3455-7F8341316EA3" otype="FKIndexAssociation" vid_source="F690B575-4998-995D-768B-69A722B03AB1" vid_target="D8060CB2-C469-7D04-6418-166AFBDFA68A">
<hideElementsInCurrentOnly>false</hideElementsInCurrentOnly>
<backgroundColor>-16777216</backgroundColor>
<lineWidth>1</lineWidth>
<points>
<point x="460" y="245"/>
<point x="644" y="245"/>
<point x="858" y="244"/>
<point x="858" y="160"/>
</points>
</Connector>
<Connector class="oracle.dbtools.crest.swingui.relational.TVFKRelation" oid="0C1EEB84-F875-8A4F-3CA4-3714FCEFA4EB" otype="FKIndexAssociation" vid_source="66F44BBA-C097-99C1-9917-5C01A0CCC1D2" vid_target="9BE30292-0D29-45F5-AEA7-D97796B3F869">
<hideElementsInCurrentOnly>false</hideElementsInCurrentOnly>
<backgroundColor>-16777216</backgroundColor>
<lineWidth>1</lineWidth>
<points>
<point x="1252" y="787"/>
<point x="2068" y="787"/>
<point x="2070" y="42"/>
<point x="1830" y="42"/>
</points>
</Connector>
<Connector class="oracle.dbtools.crest.swingui.relational.TVFKRelation" oid="1014D9A8-D375-41DB-BAD2-93ED7F2B1F28" otype="FKIndexAssociation" vid_source="1CE68DD2-1083-FE3A-1215-B29DA4F0D0D6" vid_target="AD57F097-3D3C-AAFC-4F0D-68FD631E76DB">
<hideElementsInCurrentOnly>false</hideElementsInCurrentOnly>
<backgroundColor>-16777216</backgroundColor>
<lineWidth>1</lineWidth>
<points>
<point x="619" y="652"/>
<point x="619" y="706"/>
</points>
</Connector>
<Connector class="oracle.dbtools.crest.swingui.relational.TVFKRelation" oid="1CFFB921-9776-C3FC-E253-DA5BCF13785A" otype="FKIndexAssociation" vid_source="9BE30292-0D29-45F5-AEA7-D97796B3F869" vid_target="62464E25-B2A5-D42E-5A1F-719C95067E20">
<hideElementsInCurrentOnly>false</hideElementsInCurrentOnly>
<backgroundColor>-16777216</backgroundColor>
<lineWidth>1</lineWidth>
<points>
<point x="1830" y="110"/>
<point x="1944" y="110"/>
<point x="1944" y="183"/>
</points>
</Connector>
<Connector class="oracle.dbtools.crest.swingui.relational.TVFKRelation" oid="20234A80-5884-8374-30B8-08D92AF8B401" otype="FKIndexAssociation" vid_source="DFAEF150-8998-7B95-DE4A-78BD564A80E1" vid_target="DA183853-71D7-8907-5141-BB7928E9E108">
<hideElementsInCurrentOnly>false</hideElementsInCurrentOnly>
<backgroundColor>-16777216</backgroundColor>
<lineWidth>1</lineWidth>
<points>
<point x="151" y="394"/>
<point x="151" y="322"/>
</points>
</Connector>
<Connector class="oracle.dbtools.crest.swingui.relational.TVFKRelation" oid="2E773D3B-BC43-53B7-E478-E13BCA92F8C9" otype="FKIndexAssociation" vid_source="CA2ABDAF-57A0-6092-8072-B205F115885D" vid_target="EF92016C-2009-0971-D239-986C177F8E74">
<hideElementsInCurrentOnly>false</hideElementsInCurrentOnly>
<backgroundColor>-16777216</backgroundColor>
<lineWidth>1</lineWidth>
<points>
<point x="909" y="455"/>
<point x="909" y="608"/>
</points>
</Connector>
<Connector class="oracle.dbtools.crest.swingui.relational.TVFKRelation" oid="3EF2947F-694D-B506-3B23-6655B3649EB3" otype="FKIndexAssociation" vid_source="18294273-0EF7-0EEC-1E7B-95DF1D4946FC" vid_target="9BE30292-0D29-45F5-AEA7-D97796B3F869">
<hideElementsInCurrentOnly>false</hideElementsInCurrentOnly>
<backgroundColor>-16777216</backgroundColor>
<lineWidth>1</lineWidth>
<points>
<point x="1597" y="343"/>
<point x="1597" y="139"/>
<point x="1660" y="139"/>
</points>
</Connector>
<Connector class="oracle.dbtools.crest.swingui.relational.TVFKRelation" oid="40D0B4D4-0791-2FD4-4D4B-C89E505E6E90" otype="FKIndexAssociation" vid_source="AD57F097-3D3C-AAFC-4F0D-68FD631E76DB" vid_target="F3313EB5-C816-330A-692D-39CA020F6306">
<hideElementsInCurrentOnly>false</hideElementsInCurrentOnly>
<backgroundColor>-16777216</backgroundColor>
<lineWidth>1</lineWidth>
<points>
<point x="539" y="758"/>
<point x="465" y="758"/>
</points>
</Connector>
<Connector class="oracle.dbtools.crest.swingui.relational.TVFKRelation" oid="5238A582-44FD-31A5-2896-B450EB0CD607" otype="FKIndexAssociation" vid_source="1D8D71EF-EA96-40B7-3623-7DCD617534B6" vid_target="D8060CB2-C469-7D04-6418-166AFBDFA68A">
<hideElementsInCurrentOnly>false</hideElementsInCurrentOnly>
<backgroundColor>-16777216</backgroundColor>
<lineWidth>1</lineWidth>
<points>
<point x="1136" y="123"/>
<point x="1047" y="123"/>
<point x="985" y="123"/>
</points>
</Connector>
<Connector class="oracle.dbtools.crest.swingui.relational.TVFKRelation" oid="5C3877CC-4A51-66B8-3015-F2F518B45827" otype="FKIndexAssociation" vid_source="61A15D37-2B6B-4CBB-FB21-8F6669AA8743" vid_target="D6F3DA67-2C1F-1301-6DF6-A178A6E15319">
<hideElementsInCurrentOnly>false</hideElementsInCurrentOnly>
<backgroundColor>-16777216</backgroundColor>
<lineWidth>1</lineWidth>
<points>
<point x="385" y="541"/>
<point x="385" y="499"/>
</points>
</Connector>
<Connector class="oracle.dbtools.crest.swingui.relational.TVFKRelation" oid="6203BD01-7A0C-9F32-43EE-14BCC02D9FDA" otype="FKIndexAssociation" vid_source="F3313EB5-C816-330A-692D-39CA020F6306" vid_target="61A15D37-2B6B-4CBB-FB21-8F6669AA8743">
<hideElementsInCurrentOnly>false</hideElementsInCurrentOnly>
<backgroundColor>-16777216</backgroundColor>
<lineWidth>1</lineWidth>
<points>
<point x="380" y="701"/>
<point x="380" y="649"/>
</points>
</Connector>
<Connector class="oracle.dbtools.crest.swingui.relational.TVFKRelation" oid="6348C9BE-1E3E-5EB8-C1A7-76AE09D7F723" otype="FKIndexAssociation" vid_source="9BE30292-0D29-45F5-AEA7-D97796B3F869" vid_target="F8BE49FD-E3E2-511E-DF87-C656B92FDB3E">
<hideElementsInCurrentOnly>false</hideElementsInCurrentOnly>
<backgroundColor>-16777216</backgroundColor>
<lineWidth>1</lineWidth>
<points>
<point x="1660" y="69"/>
<point x="1593" y="69"/>
</points>
</Connector>
<Connector class="oracle.dbtools.crest.swingui.relational.TVFKRelation" oid="6F0C3D30-F4EB-C2A2-D5D0-616CA1FC14D2" otype="FKIndexAssociation" vid_source="66F44BBA-C097-99C1-9917-5C01A0CCC1D2" vid_target="6811A319-7630-E4A0-0852-7C19684CBA4D">
<hideElementsInCurrentOnly>false</hideElementsInCurrentOnly>
<backgroundColor>-16777216</backgroundColor>
<lineWidth>1</lineWidth>
<points>
<point x="1252" y="729"/>
<point x="1370" y="729"/>
</points>
</Connector>
<Connector class="oracle.dbtools.crest.swingui.relational.TVFKRelation" oid="6F6AA94D-4C3F-9799-98E2-256BCD4CB222" otype="FKIndexAssociation" vid_source="584913B6-8B05-B28B-1EAD-F16AF7FF04C2" vid_target="1D8D71EF-EA96-40B7-3623-7DCD617534B6">
<hideElementsInCurrentOnly>false</hideElementsInCurrentOnly>
<backgroundColor>-16777216</backgroundColor>
<lineWidth>1</lineWidth>
<points>
<point x="1393" y="192"/>
<point x="1300" y="192"/>
</points>
</Connector>
<Connector class="oracle.dbtools.crest.swingui.relational.TVFKRelation" oid="71BB2B9C-F193-EB47-B6B6-3D03260E9F4E" otype="FKIndexAssociation" vid_source="EC93FDFE-0577-2913-520F-C0CA5F717460" vid_target="F690B575-4998-995D-768B-69A722B03AB1">
<hideElementsInCurrentOnly>false</hideElementsInCurrentOnly>
<backgroundColor>-16777216</backgroundColor>
<lineWidth>1</lineWidth>
<points>
<point x="586" y="153"/>
<point x="586" y="223"/>
<point x="460" y="223"/>
</points>
</Connector>
<Connector class="oracle.dbtools.crest.swingui.relational.TVFKRelation" oid="743FB39C-F40F-BED4-5EF9-57638076DE08" otype="FKIndexAssociation" vid_source="6C6B62DA-61A9-9093-196D-D7C12DED4AB5" vid_target="CA2ABDAF-57A0-6092-8072-B205F115885D">
<hideElementsInCurrentOnly>false</hideElementsInCurrentOnly>
<backgroundColor>-16777216</backgroundColor>
<lineWidth>1</lineWidth>
<points>
<point x="725" y="433"/>
<point x="794" y="433"/>
</points>
</Connector>
<Connector class="oracle.dbtools.crest.swingui.relational.TVFKRelation" oid="87DCF56A-F8B0-E780-D757-B38C3E764DE9" otype="FKIndexAssociation" vid_source="F690B575-4998-995D-768B-69A722B03AB1" vid_target="D6F3DA67-2C1F-1301-6DF6-A178A6E15319">
<hideElementsInCurrentOnly>false</hideElementsInCurrentOnly>
<backgroundColor>-16777216</backgroundColor>
<lineWidth>1</lineWidth>
<points>
<point x="375" y="317"/>
<point x="375" y="389"/>
</points>
</Connector>
<Connector class="oracle.dbtools.crest.swingui.relational.TVFKRelation" oid="89E7049F-B595-6045-B964-A557C40588B1" otype="FKIndexAssociation" vid_source="CA2ABDAF-57A0-6092-8072-B205F115885D" vid_target="E5FC2461-D14E-57B8-FBC5-DF3827176C9C">
<hideElementsInCurrentOnly>false</hideElementsInCurrentOnly>
<backgroundColor>-16777216</backgroundColor>
<lineWidth>1</lineWidth>
<points>
<point x="1040" y="323"/>
<point x="1136" y="323"/>
</points>
</Connector>
<Connector class="oracle.dbtools.crest.swingui.relational.TVFKRelation" oid="A26091D8-057E-F02C-894C-7E9F2DD9BD8E" otype="FKIndexAssociation" vid_source="F690B575-4998-995D-768B-69A722B03AB1" vid_target="147D4FC0-E807-CAF1-456D-63BB0D317AD5">
<hideElementsInCurrentOnly>false</hideElementsInCurrentOnly>
<backgroundColor>-16777216</backgroundColor>
<lineWidth>1</lineWidth>
<points>
<point x="323" y="207"/>
<point x="323" y="164"/>
<point x="149" y="161"/>
<point x="149" y="158"/>
</points>
</Connector>
<Connector class="oracle.dbtools.crest.swingui.relational.TVFKRelation" oid="C421E176-521D-42E5-4C7C-0B3688CFBC41" otype="FKIndexAssociation" vid_source="A6971B68-3F10-0928-C7D0-9670A273C61B" vid_target="CA2ABDAF-57A0-6092-8072-B205F115885D">
<hideElementsInCurrentOnly>false</hideElementsInCurrentOnly>
<backgroundColor>-16777216</backgroundColor>
<lineWidth>1</lineWidth>
<points>
<point x="1004" y="516"/>
<point x="1004" y="455"/>
</points>
</Connector>
<Connector class="oracle.dbtools.crest.swingui.relational.TVFKRelation" oid="D121962D-2FFC-D09D-A7ED-C70CE52042A1" otype="FKIndexAssociation" vid_source="83D5C710-3446-ED4A-BA2E-9E1EEEB5E690" vid_target="61A15D37-2B6B-4CBB-FB21-8F6669AA8743">
<hideElementsInCurrentOnly>false</hideElementsInCurrentOnly>
<backgroundColor>-16777216</backgroundColor>
<lineWidth>1</lineWidth>
<points>
<point x="232" y="593"/>
<point x="283" y="593"/>
</points>
</Connector>
<Connector class="oracle.dbtools.crest.swingui.relational.TVFKRelation" oid="D1903A35-DE76-25D3-EE22-64FCC6B95BDD" otype="FKIndexAssociation" vid_source="D3832E60-E5FC-B010-5688-E14B65F4A08F" vid_target="CA2ABDAF-57A0-6092-8072-B205F115885D">
<hideElementsInCurrentOnly>false</hideElementsInCurrentOnly>
<backgroundColor>-16777216</backgroundColor>
<lineWidth>1</lineWidth>
<points>
<point x="1086" y="428"/>
<point x="1040" y="428"/>
</points>
</Connector>
<Connector class="oracle.dbtools.crest.swingui.relational.TVFKRelation" oid="D198BB2A-6057-E510-68AD-3FEA529428FE" otype="FKIndexAssociation" vid_source="CA037FD4-C64E-EC76-2DF4-4386C0BD18E4" vid_target="6811A319-7630-E4A0-0852-7C19684CBA4D">
<hideElementsInCurrentOnly>false</hideElementsInCurrentOnly>
<backgroundColor>-16777216</backgroundColor>
<lineWidth>1</lineWidth>
<points>
<point x="1461" y="597"/>
<point x="1461" y="661"/>
</points>
</Connector>
<Connector class="oracle.dbtools.crest.swingui.relational.TVFKRelation" oid="D78DBAF1-8210-0F01-AD48-4192E251B538" otype="FKIndexAssociation" vid_source="F690B575-4998-995D-768B-69A722B03AB1" vid_target="3CE8B54F-8D4F-838A-1D3C-937C986DF2A3">
<hideElementsInCurrentOnly>false</hideElementsInCurrentOnly>
<backgroundColor>-16777216</backgroundColor>
<lineWidth>1</lineWidth>
<points>
<point x="391" y="207"/>
<point x="391" y="140"/>
</points>
</Connector>
<Connector class="oracle.dbtools.crest.swingui.relational.TVFKRelation" oid="D7A440EA-8622-044C-45D8-B93B843E9BD7" otype="FKIndexAssociation" vid_source="9BE30292-0D29-45F5-AEA7-D97796B3F869" vid_target="7A287AD4-4EAB-02CD-7355-8F863D690FAB">
<hideElementsInCurrentOnly>false</hideElementsInCurrentOnly>
<backgroundColor>-16777216</backgroundColor>
<lineWidth>1</lineWidth>
<points>
<point x="1743" y="147"/>
<point x="1743" y="183"/>
</points>
</Connector>
<Connector class="oracle.dbtools.crest.swingui.relational.TVFKRelation" oid="DC28F6EC-4C76-5FA0-E783-97F5EDAC4F94" otype="FKIndexAssociation" vid_source="D8060CB2-C469-7D04-6418-166AFBDFA68A" vid_target="E5FC2461-D14E-57B8-FBC5-DF3827176C9C">
<hideElementsInCurrentOnly>false</hideElementsInCurrentOnly>
<backgroundColor>-16777216</backgroundColor>
<lineWidth>1</lineWidth>
<points>
<point x="960" y="160"/>
<point x="960" y="267"/>
<point x="1136" y="267"/>
</points>
</Connector>
<Connector class="oracle.dbtools.crest.swingui.relational.TVFKRelation" oid="DCF4E9CE-5406-CD41-D2BF-347539667C47" otype="FKIndexAssociation" vid_source="D8060CB2-C469-7D04-6418-166AFBDFA68A" vid_target="CA2ABDAF-57A0-6092-8072-B205F115885D">
<hideElementsInCurrentOnly>false</hideElementsInCurrentOnly>
<backgroundColor>-16777216</backgroundColor>
<lineWidth>1</lineWidth>
<points>
<point x="917" y="160"/>
<point x="917" y="303"/>
</points>
</Connector>
<Connector class="oracle.dbtools.crest.swingui.relational.TVFKRelation" oid="EDAAF078-8037-9DF6-1315-ECA6F62BB8A9" otype="FKIndexAssociation" vid_source="F8BE49FD-E3E2-511E-DF87-C656B92FDB3E" vid_target="D8060CB2-C469-7D04-6418-166AFBDFA68A">
<hideElementsInCurrentOnly>false</hideElementsInCurrentOnly>
<backgroundColor>-16777216</backgroundColor>
<lineWidth>1</lineWidth>
<points>
<point x="1423" y="67"/>
<point x="985" y="67"/>
</points>
</Connector>
<Connector class="oracle.dbtools.crest.swingui.relational.TVFKRelation" oid="F5E43DA2-450C-91B2-CEE5-7FD504491310" otype="FKIndexAssociation" vid_source="F690B575-4998-995D-768B-69A722B03AB1" vid_target="DA183853-71D7-8907-5141-BB7928E9E108">
<hideElementsInCurrentOnly>false</hideElementsInCurrentOnly>
<backgroundColor>-16777216</backgroundColor>
<lineWidth>1</lineWidth>
<points>
<point x="290" y="262"/>
<point x="253" y="262"/>
</points>
</Connector>
</connectors>
<arcs>
<Arc class="oracle.dbtools.crest.swingui.relational.TVFKArc" oid="F5DB7764-4384-5A1E-F69C-B5DF90262AFA" otype="FKArc" vid="A200E1A3-34FC-D0EC-9F99-F89B42EADB13">
<hideElementsInCurrentOnly>false</hideElementsInCurrentOnly>
<bounds x="1640" y="-17" width="210" height="184"/>
</Arc>
<Arc class="oracle.dbtools.crest.swingui.relational.TVFKArc" oid="F9399FAB-4AD3-9055-42F7-9A11C81A9FB9" otype="FKArc" vid="51E960C7-1F3A-2883-FF86-AC4CC5BF4AC5">
<hideElementsInCurrentOnly>false</hideElementsInCurrentOnly>
<bounds x="270" y="187" width="210" height="150"/>
</Arc>
</arcs>
</Diagram>