<?xml version = '1.0' encoding = 'UTF-8'?>
<FKArc class="oracle.dbtools.crest.model.design.relational.FKArc" directorySegmentName="seg_0" id="F5DB7764-4384-5A1E-F69C-B5DF90262AFA" name="Arc_2">
<createdBy>mauro</createdBy>
<createdTime>2021-08-23 13:38:02 UTC</createdTime>
<ownerDesignName>ATIVIDADE_FASE1_CAP_6_RM92268</ownerDesignName>
<mandatory>true</mandatory>
<reverseArc>true</reverseArc>
<table>77DEE9C8-314E-BE0F-5EF1-90649452E149</table>
<discriminatorColumn>18317691-AF9D-9593-4370-F82EEC3B0536</discriminatorColumn>
<fkeys>
<fkeyID>6348C9BE-1E3E-5EB8-C1A7-76AE09D7F723</fkeyID>
<fkeyID>D7A440EA-8622-044C-45D8-B93B843E9BD7</fkeyID>
<fkeyID>1CFFB921-9776-C3FC-E253-DA5BCF13785A</fkeyID>
</fkeys>
</FKArc>