<?xml version = '1.0' encoding = 'UTF-8'?>
<Arc class="oracle.dbtools.crest.model.design.logical.Arc" directorySegmentName="seg_0" id="C3D6E95B-7747-836D-E18C-1547C3C2154C" name="Arc_2">
<createdBy>mauro</createdBy>
<createdTime>2021-08-23 13:03:38 UTC</createdTime>
<ownerDesignName>ATIVIDADE_FASE1_CAP_6_RM92268</ownerDesignName>
<engineerTo>
<item key="0A47ACCB-0680-BE80-AB34-B113F06A75AC" value="true"/>
</engineerTo>
<entity>616C6584-43D3-C320-A079-CEAED14932D1</entity>
<relations>
<relationID>C323753F-49BC-2753-89E2-9F968B6A0F95</relationID>
<relationID>127BA590-0696-16DA-72A5-3FEA194CF891</relationID>
<relationID>C91F9B8F-83A1-054D-B872-C4855234442D</relationID>
</relations>
</Arc>